"day_falling","disc_size","code_imp_1","code_imp_2","code_imp_3","code_imp_4","code_imp_5","code_imp_6","code_imp_7","code_imp_8","code_imp_9","code_imp_10","code_imp_11","code_imp_12","code_imp_13","code_imp_14","code_imp_15","code_imp_16","code_imp_17","code_imp_18","code_imp_19","code_imp_20","code_imp_21","code_imp_22","code_imp_23","code_imp_24","code_imp_25","code_imp_26","code_imp_27","code_imp_28","code_imp_29","code_imp_30","code_imp_31","code_imp_32","code_imp_33","code_imp_34","code_imp_35","code_imp_36","code_imp_37","code_imp_38","code_imp_39","code_imp_40","code_imp_41","code_imp_42","code_imp_43","code_imp_44","code_imp_45","code_imp_46","code_imp_47","code_imp_48","code_imp_49","code_imp_50","code_imp_51","code_imp_52","code_imp_53","code_imp_54","code_imp_55","code_imp_56","code_imp_57","code_imp_58","code_imp_59","code_imp_60","code_imp_61","code_imp_62","code_imp_63","code_imp_64","code_imp_65","code_imp_66","code_imp_67","code_imp_68","code_imp_69","code_imp_70","code_imp_71","code_imp_72","code_imp_73","code_imp_74","code_imp_75","code_imp_76","code_imp_77","code_imp_78","code_imp_79","code_imp_80","code_imp_81","code_imp_82","code_imp_83","code_imp_84","code_imp_85","code_imp_86","code_imp_87","code_imp_88","code_imp_89","code_imp_90","code_imp_91","code_imp_92","code_imp_93","code_imp_94","code_imp_95","code_imp_96","code_imp_97","code_imp_98"
5,25.1,3,1,1,3,3,2,2,1,3,2,2,3,3,1,1,1,3,1,2,3,2,3,1,3,3,3,2,3,1,2,2,2,2,3,2,2,2,2,1,1,3,3,3,3,2,1,2,2,1,1,1,1,3,1,3,3,3,3,2,1,3,2,3,3,3,1,2,1,1,1,3,3,2,3,1,3,1,1,3,1,3,1,3,3,3,3,3,1,1,3,3,3,3,3,2,3,2,2
15,22.1,3,1,1,3,3,2,1,1,2,2,2,3,3,2,1,2,3,1,1,3,3,3,1,3,3,2,1,3,1,2,1,1,2,3,2,1,1,3,1,1,3,2,3,3,2,2,1,2,2,1,1,2,3,1,2,3,3,3,1,1,3,2,3,3,3,1,1,3,2,3,3,2,3,3,1,3,1,1,1,3,3,1,3,3,3,3,3,1,1,3,3,3,3,3,2,2,2,3
15,20.3,3,1,1,3,2,2,2,1,3,3,2,3,3,2,2,1,2,1,1,3,3,3,1,3,3,3,1,3,3,3,1,1,1,3,2,2,1,3,1,1,3,3,3,3,2,1,2,2,2,1,1,1,3,3,3,2,2,2,2,1,2,2,3,3,3,1,2,2,1,3,3,2,2,3,1,3,1,1,3,3,3,1,2,3,3,3,3,1,1,2,3,3,3,2,3,2,3,3
15,18.2,3,2,1,3,3,3,2,1,3,3,2,2,3,3,1,1,2,1,1,3,2,3,1,3,2,3,3,3,1,3,1,2,2,3,3,1,1,3,1,1,3,3,3,3,3,3,3,2,2,1,1,3,3,2,3,3,3,2,2,1,3,1,2,3,3,1,1,3,1,2,3,1,3,1,1,3,1,2,2,3,2,2,3,2,3,2,2,2,2,3,3,2,3,2,3,2,3,3
15,26.3,3,1,1,3,2,2,3,1,3,1,2,3,3,3,2,1,3,1,1,3,2,3,1,3,3,3,1,2,3,3,1,1,3,3,3,2,2,3,1,1,3,3,3,3,3,1,2,1,2,2,1,3,2,2,3,3,3,1,1,2,3,3,3,3,3,1,1,2,1,2,3,3,3,2,1,1,2,1,2,2,3,1,2,3,3,3,2,2,1,3,2,3,3,2,3,2,2,3
15,16.5,3,1,1,3,3,3,2,1,2,3,3,3,2,2,1,2,2,1,2,3,3,3,1,3,3,2,2,3,2,3,1,1,1,3,1,3,1,3,1,1,3,3,3,3,3,2,3,2,1,1,1,1,3,2,2,3,2,2,1,1,3,3,3,3,3,1,1,2,1,1,3,3,1,2,1,3,1,2,3,3,3,1,2,2,3,3,3,2,1,3,3,3,3,1,3,1,2,3
16,20.6,3,1,1,3,3,3,2,1,3,2,2,2,3,3,2,1,1,1,1,3,3,3,1,3,2,3,2,3,2,2,1,1,1,2,3,3,3,3,1,1,3,3,3,3,1,2,2,1,1,1,1,2,3,1,3,3,3,3,1,1,1,3,2,3,3,1,2,2,1,2,2,2,3,3,1,3,1,1,2,3,2,1,3,2,3,3,2,1,2,3,3,1,3,1,3,2,2,3
16,18.1,3,1,1,2,3,3,1,1,2,3,1,3,3,3,1,1,2,1,1,3,3,3,1,2,2,2,2,3,2,3,1,3,2,3,2,2,2,3,1,1,3,3,3,3,2,2,2,3,1,1,1,2,3,1,3,3,3,2,2,1,3,1,3,3,3,1,2,3,2,2,3,3,2,3,1,3,2,2,2,2,2,1,3,2,3,3,3,1,1,3,2,3,3,3,3,2,3,3
16,23.2,2,1,1,3,3,2,2,1,3,3,2,2,3,1,2,1,2,1,1,3,2,3,1,2,2,2,3,3,1,2,1,3,2,3,2,1,1,3,1,1,3,3,3,3,2,2,2,2,2,2,1,2,3,2,3,3,3,3,1,1,3,1,2,3,3,1,2,1,1,2,3,3,1,3,1,3,1,1,1,3,3,1,2,2,3,1,3,1,1,3,3,3,3,2,3,1,3,2
18,22.5,3,1,1,3,3,2,3,1,2,3,1,2,3,3,2,1,2,1,1,2,2,3,1,3,2,3,2,3,2,3,2,1,2,3,3,2,2,3,1,1,3,2,3,3,2,1,3,2,2,2,1,2,2,1,3,3,1,1,1,2,3,2,3,3,3,1,2,2,2,1,3,2,3,3,1,3,1,1,2,3,3,1,1,3,3,2,3,1,2,3,3,3,3,1,3,2,2,3
18,14.5,3,2,1,3,3,2,2,1,3,3,2,2,3,3,2,3,3,1,2,3,2,3,1,3,3,1,2,3,2,1,1,2,3,2,2,1,1,3,1,1,3,1,3,3,3,3,3,1,2,1,1,2,3,2,2,2,2,2,1,2,3,2,3,3,3,1,2,1,1,2,3,2,3,3,1,2,1,1,3,2,3,1,3,3,3,2,3,3,2,3,3,3,3,2,3,1,1,3
18,27.5,2,2,1,3,3,3,1,1,3,1,1,3,3,2,1,1,3,1,1,3,3,3,1,2,2,2,1,3,3,3,1,1,2,2,2,1,1,3,1,1,3,3,3,3,3,2,2,1,1,1,1,1,3,2,3,3,3,2,1,1,3,2,2,3,3,1,2,1,3,2,3,2,3,2,1,2,1,3,3,2,2,1,3,3,3,1,2,1,1,3,2,3,3,1,3,1,1,3
18,28.2,3,1,1,3,3,2,1,2,1,3,2,3,3,3,1,2,2,1,1,3,2,3,1,3,3,3,2,3,3,3,1,1,2,2,2,1,1,3,1,1,3,3,3,3,3,2,2,1,2,1,1,3,3,1,3,2,2,2,1,2,3,2,2,3,3,1,1,2,2,2,3,3,3,3,1,3,1,1,3,3,2,1,2,3,3,1,3,1,1,3,3,3,3,2,3,2,2,2
18,27.5,3,1,1,3,3,3,2,1,3,3,2,3,3,3,1,2,2,1,1,3,2,3,1,3,2,1,1,3,1,2,1,2,2,3,2,2,1,3,1,1,3,3,3,3,2,3,2,1,1,1,2,3,2,3,2,3,3,3,1,1,3,2,3,3,3,2,2,2,2,2,3,3,2,3,1,2,1,1,2,2,2,1,3,3,3,2,2,1,2,3,2,2,3,3,3,1,2,3
18,26.7,3,1,1,3,3,2,3,1,3,3,1,2,3,2,1,1,1,1,1,3,3,3,1,3,3,3,1,3,2,2,1,2,3,2,3,1,1,3,1,1,3,3,3,3,3,1,1,2,1,1,2,3,2,2,3,2,2,3,1,1,3,2,2,3,3,1,1,2,1,2,3,3,2,3,1,3,1,2,3,3,2,2,1,2,3,3,3,3,2,3,3,3,3,3,3,2,2,3
18,28,2,1,1,3,3,2,1,1,3,2,3,3,3,2,1,1,3,1,1,2,2,3,1,3,1,2,2,2,2,2,1,1,2,1,3,1,1,3,1,1,3,2,2,3,2,1,2,1,2,1,1,3,2,3,3,1,2,2,1,1,3,1,3,3,3,1,3,2,2,2,3,2,3,1,1,2,1,1,2,2,2,1,2,3,3,2,1,1,1,3,3,3,3,3,3,3,3,2
18,19.7,3,2,1,3,3,2,1,1,3,3,2,3,3,1,2,1,2,1,1,2,2,3,1,3,1,2,2,3,3,3,1,1,2,3,2,3,2,3,1,1,3,3,3,3,2,3,2,1,2,1,1,2,3,3,2,3,3,2,1,1,2,3,3,3,3,1,1,1,2,3,2,2,1,3,1,3,1,1,2,2,2,1,2,3,3,2,2,1,2,3,3,3,3,1,3,1,1,2
18,22.1,3,2,1,3,3,3,1,1,3,3,1,2,2,2,1,2,2,1,1,3,2,2,1,3,2,3,1,3,2,3,1,2,2,2,3,2,1,3,1,1,3,3,3,3,3,1,1,2,2,1,1,2,3,3,3,2,2,3,1,1,3,1,2,3,3,1,3,1,2,2,2,3,1,3,1,2,1,1,3,2,3,1,1,3,3,2,2,2,1,3,2,3,3,3,3,2,3,3
18,17.2,3,1,1,3,3,3,2,1,3,3,1,3,3,2,1,1,2,1,1,3,2,3,1,3,3,2,2,3,1,3,1,2,2,3,3,1,1,3,1,1,3,3,3,3,3,1,1,2,3,1,1,1,2,2,3,2,1,3,2,2,2,1,3,3,3,1,1,1,2,2,3,1,3,1,1,3,1,1,2,2,2,1,1,3,3,2,3,1,1,3,2,2,3,2,2,1,3,2
19,23.8,3,2,1,3,3,3,2,1,2,3,3,2,3,2,2,1,2,1,2,3,3,3,1,3,2,2,3,3,2,2,1,1,3,3,2,2,1,3,1,1,3,3,1,3,2,2,3,2,2,1,1,2,3,3,3,2,2,3,1,2,3,3,2,3,3,1,2,2,3,3,2,3,3,2,1,3,1,2,3,3,3,1,1,3,3,2,3,1,1,3,3,3,3,3,3,1,3,3
19,16.5,3,2,1,3,3,2,2,1,2,3,1,2,2,3,1,1,2,1,1,3,2,3,1,3,1,3,1,3,3,2,1,1,2,2,3,1,1,3,1,1,3,3,3,3,2,2,2,2,3,1,1,3,3,3,3,3,2,3,1,1,3,1,3,3,3,1,1,2,1,2,3,2,2,3,1,2,2,2,2,3,3,1,2,3,3,3,3,1,1,3,2,3,3,2,3,2,2,2
19,25.5,3,1,1,3,3,3,2,1,3,3,2,3,3,3,2,1,2,1,1,3,3,3,1,3,3,3,1,3,1,1,1,2,1,3,1,1,1,3,2,2,3,2,3,3,1,1,1,2,2,2,1,3,3,2,1,2,1,2,1,1,3,2,3,3,3,1,3,2,2,2,2,2,3,2,1,3,1,1,3,3,3,2,2,3,3,2,3,1,2,3,3,2,3,3,3,1,2,3
19,16.3,3,2,1,3,2,2,2,1,1,3,1,3,3,2,1,1,2,1,1,3,2,3,1,3,2,2,1,3,2,2,2,1,3,3,1,2,1,3,1,1,3,3,3,3,3,1,2,2,2,1,1,3,3,3,3,2,2,3,1,2,3,1,2,3,3,1,1,1,1,3,2,2,2,3,1,2,1,2,1,3,3,1,2,3,3,2,2,1,1,3,2,3,3,2,3,2,2,2
20,20.9,2,2,1,3,3,3,3,1,2,2,1,2,3,3,1,1,2,1,1,3,3,3,1,3,3,3,2,3,2,3,1,2,2,3,2,2,2,3,1,1,3,2,3,3,2,2,2,1,2,1,1,2,3,3,2,2,2,1,2,1,2,2,3,3,2,1,1,1,2,2,3,3,1,3,1,3,1,2,2,3,2,1,2,3,3,2,3,1,2,3,3,2,3,3,3,2,1,3
20,24.7,3,1,1,2,3,2,2,1,2,2,3,3,3,1,1,2,2,1,1,3,2,2,1,3,3,3,2,3,2,2,1,2,1,2,3,1,2,3,1,1,3,3,3,3,1,1,2,2,1,1,1,1,2,3,3,2,2,2,1,2,3,2,3,3,3,1,1,1,3,3,3,3,1,3,1,3,1,1,3,3,3,1,2,3,3,1,3,1,1,3,3,2,3,3,3,3,2,3
20,22.8,3,1,1,3,3,3,3,1,3,2,2,3,3,3,1,2,2,1,1,3,2,3,1,3,3,2,1,3,2,1,1,1,3,2,3,1,2,3,1,1,3,2,3,3,1,2,1,3,3,1,1,2,3,2,3,1,1,2,1,1,2,1,2,3,3,1,1,2,1,1,3,3,1,3,1,2,1,1,2,1,3,1,1,3,3,3,3,1,1,3,2,3,3,3,3,3,2,3
20,28.5,3,1,1,3,3,2,2,1,3,3,2,3,3,2,1,1,3,1,1,3,3,3,1,3,3,3,1,3,3,3,1,3,2,3,2,2,2,3,1,1,3,3,3,3,3,1,2,2,2,1,1,1,3,3,3,3,2,2,1,1,3,2,3,3,3,1,1,2,2,3,3,2,3,3,1,2,1,2,2,3,3,1,1,3,3,3,3,1,1,3,3,3,3,2,3,2,2,3
20,24.3,3,1,1,3,3,3,2,1,2,2,3,2,3,3,2,3,3,1,1,3,3,3,1,3,1,3,1,3,3,2,1,2,3,3,3,1,1,3,1,1,3,3,3,3,2,1,3,1,2,1,1,2,2,2,3,2,1,2,2,1,3,3,3,2,3,1,3,2,3,2,2,2,2,2,2,2,1,1,2,2,3,1,2,3,3,1,2,1,1,3,3,3,3,3,3,2,2,1
20,19.3,3,2,1,3,3,2,2,2,1,3,1,2,3,3,3,1,3,1,2,2,2,2,1,3,2,2,2,3,3,2,1,1,3,3,3,3,1,2,1,1,3,3,3,3,2,1,1,3,1,1,1,2,3,1,3,3,2,3,1,1,3,1,3,3,3,1,1,2,1,2,3,1,2,3,1,3,1,1,2,3,2,1,1,1,3,3,3,3,1,3,3,1,3,2,2,2,2,3
21,23.1,3,3,1,2,3,3,2,2,1,3,3,1,3,2,1,1,3,1,1,3,3,3,1,3,1,2,1,3,2,2,1,1,2,2,2,2,1,3,2,1,3,3,3,3,3,2,2,2,1,2,1,1,2,1,2,2,2,2,1,1,3,3,3,3,3,1,1,1,3,1,2,2,2,2,1,3,1,1,3,3,2,1,3,3,3,1,3,2,1,3,3,3,3,3,3,2,3,3
21,25.4,3,2,1,3,3,3,1,1,3,3,1,3,2,3,1,2,2,1,1,3,3,3,1,3,3,2,2,2,3,2,1,1,1,3,2,1,1,3,1,1,3,3,3,3,3,2,3,3,2,1,1,3,3,3,3,3,2,1,1,1,3,2,3,3,3,1,1,3,2,3,3,2,3,3,1,3,3,1,3,1,3,1,1,3,3,3,2,2,1,3,1,2,3,2,3,3,2,3
21,18.9,2,1,1,3,3,2,1,1,3,3,2,3,3,3,2,2,2,1,1,3,2,3,1,3,3,2,3,3,1,2,2,3,2,3,3,1,3,3,1,1,3,3,3,3,2,1,3,2,2,2,1,3,3,2,3,3,2,2,3,1,3,3,3,3,3,1,1,2,2,2,3,2,3,2,1,3,1,1,2,3,3,1,2,3,3,2,3,2,1,3,3,2,3,2,3,2,2,3
21,22.2,3,2,1,3,3,3,1,1,2,1,3,3,3,2,1,1,2,1,1,3,3,3,1,3,2,2,1,3,1,2,2,1,2,3,3,1,1,3,1,1,3,3,3,3,3,1,2,1,2,1,1,2,3,2,3,1,1,2,1,1,3,2,3,3,3,1,2,3,1,1,3,3,3,3,1,3,1,1,2,2,2,2,2,2,3,3,3,1,1,3,2,3,3,2,3,1,1,2
21,28.2,3,1,1,3,3,2,2,2,2,2,3,3,3,1,1,1,2,1,1,2,3,3,1,3,2,2,2,3,2,3,1,2,1,3,1,3,1,3,1,1,3,3,3,3,2,1,2,3,2,1,1,3,3,1,3,2,2,1,1,1,3,2,3,3,3,1,1,1,2,2,3,2,2,3,1,3,1,1,3,3,3,1,1,3,3,2,3,2,1,3,3,2,3,2,3,1,2,3
21,21.7,3,1,1,3,3,2,3,1,3,3,2,3,3,3,1,2,1,1,1,3,2,2,1,3,2,2,2,3,3,3,1,1,3,3,3,2,1,3,1,1,3,3,3,3,1,2,1,2,1,1,2,3,3,3,3,3,3,2,1,2,3,3,3,3,3,1,2,1,1,3,3,2,3,3,1,2,1,2,2,2,3,2,1,3,3,3,3,1,1,3,3,3,3,3,3,1,2,3
21,26.3,3,2,1,3,3,3,2,1,2,3,3,3,3,1,1,1,2,1,1,3,2,3,1,3,3,2,2,3,1,3,1,3,3,3,2,3,2,3,1,1,3,3,3,3,3,2,1,2,1,1,1,3,3,2,1,3,3,1,2,1,2,2,3,3,3,1,1,2,2,1,3,3,3,3,1,2,2,2,2,1,3,2,2,3,3,2,3,1,1,3,2,3,3,2,3,2,2,3
21,20.1,3,1,1,3,3,2,2,1,2,3,2,2,3,3,2,1,2,1,1,3,1,3,1,3,3,2,2,2,3,1,1,2,3,3,3,1,1,3,1,1,3,3,3,3,3,2,1,2,1,1,1,3,3,1,1,2,2,1,1,1,3,1,2,3,3,1,1,3,3,2,3,3,2,3,2,3,1,1,1,3,3,1,1,3,3,2,3,1,1,3,3,3,3,2,3,3,3,3
21,15.2,3,1,1,3,3,2,1,1,1,3,1,2,3,2,1,1,3,1,2,2,2,3,1,3,3,3,2,3,3,2,1,1,3,3,2,2,1,3,1,1,3,3,3,3,3,1,1,3,2,1,1,2,3,2,3,1,1,2,1,1,3,1,3,3,3,1,2,2,1,3,3,3,3,3,1,3,1,2,3,3,2,1,3,3,3,2,3,1,1,3,2,3,3,2,3,3,2,3
21,20.4,3,1,1,3,3,2,2,1,1,3,2,3,2,3,2,2,2,1,1,3,3,3,1,3,2,3,2,3,2,2,1,3,2,2,3,1,2,3,1,1,3,2,3,3,2,2,1,3,2,2,1,2,1,2,3,2,2,2,1,2,3,2,2,3,3,1,1,3,1,3,3,3,3,3,1,1,1,1,3,2,2,1,2,3,3,2,2,2,2,3,3,3,3,1,3,2,2,2
21,26.2,3,2,1,3,3,1,1,1,3,2,2,3,3,3,1,1,2,1,1,3,3,3,1,2,1,2,1,3,3,3,1,3,2,3,3,2,2,3,1,1,3,2,3,3,2,3,2,2,2,1,1,2,3,3,3,1,2,3,2,1,3,1,3,3,3,1,1,2,1,1,3,3,2,1,1,3,1,1,2,3,3,2,3,3,3,3,3,2,1,3,2,2,3,2,3,3,2,3
21,14.6,3,1,1,3,3,3,1,1,3,3,1,2,3,3,1,1,3,1,1,3,2,3,1,3,3,1,1,3,2,3,1,2,2,3,3,3,1,3,1,1,3,1,3,3,3,2,3,2,2,1,1,2,3,2,3,3,3,3,2,1,3,2,3,3,3,1,2,2,2,2,3,3,2,3,1,3,2,3,3,3,3,1,3,3,3,1,2,1,2,3,3,3,3,3,3,1,2,3
21,15,3,1,1,3,3,2,3,1,3,2,3,3,3,1,1,1,3,1,1,3,3,3,1,2,2,2,2,3,2,2,1,2,3,2,3,1,1,3,1,1,3,3,2,3,3,2,3,2,2,1,1,2,3,3,3,3,2,3,1,1,2,1,3,3,3,1,1,3,2,2,3,2,3,2,1,3,1,1,1,3,2,1,2,3,3,2,3,1,1,3,2,2,3,3,3,1,3,3
21,24.7,3,2,1,3,3,2,3,1,3,3,1,3,2,2,2,2,2,1,2,3,2,3,1,3,3,2,1,3,3,2,1,1,1,3,2,2,1,3,1,1,3,3,3,3,3,2,2,3,2,1,1,3,2,3,3,2,1,2,1,1,3,2,3,3,3,1,2,1,1,3,3,1,3,2,1,3,1,1,2,1,3,1,2,3,3,3,3,1,1,3,2,3,3,3,3,3,3,3
21,18.5,3,2,1,3,3,3,2,1,2,3,2,3,3,3,1,1,3,1,1,3,2,3,1,2,2,3,2,3,3,2,1,1,3,3,3,3,1,3,1,1,3,2,3,2,1,2,1,2,2,1,1,2,3,2,3,3,3,3,1,1,3,2,2,3,3,1,1,1,2,3,3,2,2,3,1,2,1,2,2,2,3,3,1,2,3,1,3,1,1,3,3,2,3,3,3,1,2,3
21,17.3,3,1,1,3,3,3,2,2,2,2,1,2,3,3,1,1,3,1,1,3,1,3,1,3,2,3,1,3,3,2,2,1,1,3,2,2,1,3,1,1,3,2,3,3,3,2,3,2,2,1,1,3,2,1,3,1,1,2,1,1,3,2,2,3,3,1,1,3,2,3,3,3,2,2,1,2,1,1,1,2,3,1,1,3,3,1,3,2,1,3,3,1,3,2,3,1,3,3
21,27.9,3,1,1,3,3,2,2,1,3,3,1,3,3,2,2,1,2,1,1,3,2,3,1,3,2,3,2,3,1,2,1,2,1,3,3,1,2,3,1,1,3,2,3,3,3,2,2,1,1,1,1,3,3,3,3,2,2,2,2,1,2,2,3,3,3,1,1,2,2,1,2,3,2,1,1,3,1,1,3,3,2,1,3,3,3,2,3,1,1,3,3,3,3,2,3,2,3,2
21,19.3,3,1,1,3,3,2,3,2,2,3,2,2,3,3,1,1,1,1,1,3,2,3,1,3,2,3,1,3,2,3,1,2,2,3,3,3,1,3,2,1,3,3,3,3,2,1,2,2,1,1,1,3,3,3,2,1,1,3,1,1,3,1,2,3,3,1,2,2,2,2,2,2,3,3,1,1,1,1,2,3,3,1,1,3,3,2,2,2,1,3,3,3,3,3,2,1,1,3
21,19.4,3,1,1,3,3,1,2,1,2,3,2,1,3,2,1,1,3,1,1,3,1,3,1,3,2,1,1,3,2,2,1,2,2,3,3,1,2,3,1,1,3,3,3,3,2,1,2,2,1,2,1,3,2,2,3,3,2,2,2,1,2,2,2,3,3,1,2,1,1,3,2,3,2,3,1,3,1,2,3,1,2,2,2,3,3,3,3,1,1,3,3,3,3,3,3,1,3,3
21,23.6,3,1,1,3,3,2,2,1,3,3,2,2,3,2,2,2,3,1,1,3,2,3,2,3,3,3,3,3,3,1,1,1,1,3,3,3,1,3,2,1,3,3,3,2,3,1,1,1,2,1,1,2,3,1,2,2,1,3,1,1,1,2,3,3,3,1,2,1,3,3,3,2,3,3,1,3,1,2,3,3,2,2,2,2,3,1,2,1,2,3,3,3,3,2,3,2,2,3
21,15.9,3,1,1,3,3,2,2,2,2,2,2,3,3,2,1,1,2,1,1,3,1,3,1,3,3,2,2,3,2,3,1,1,3,3,3,1,1,2,1,1,3,3,3,3,3,1,2,1,3,1,1,2,2,3,2,3,3,2,1,1,2,1,3,3,3,1,1,2,3,3,2,3,3,2,1,3,3,1,3,2,3,2,3,3,3,1,2,1,1,3,2,2,3,2,3,2,3,3
23,28.4,3,1,1,3,3,3,3,1,3,3,2,2,3,2,1,3,3,1,1,3,2,2,1,3,2,3,1,3,2,3,1,2,2,1,3,1,1,3,1,1,3,3,3,2,2,1,2,2,1,1,1,2,3,3,3,3,3,2,2,1,3,2,2,2,3,1,1,3,1,3,3,2,2,3,1,3,1,1,2,2,3,1,2,3,3,2,2,1,1,3,2,1,3,2,3,2,3,2
23,23.6,2,1,1,3,3,3,3,1,3,1,2,3,3,2,2,2,2,1,1,3,1,3,1,3,3,3,1,3,2,2,1,2,3,3,3,1,1,3,2,2,3,3,3,3,2,2,2,1,3,1,1,1,3,2,3,3,3,2,1,1,3,2,3,3,3,1,1,2,3,3,3,2,2,3,1,2,1,1,2,3,3,1,1,3,2,1,3,1,1,3,2,3,3,1,3,2,2,3
23,27.6,3,1,1,3,3,2,2,1,3,3,1,2,3,3,2,2,3,1,1,2,1,3,1,3,3,3,1,3,2,3,1,1,2,3,3,2,1,3,2,2,3,3,3,3,3,1,3,2,2,1,1,2,3,1,3,2,2,2,1,1,3,2,3,3,3,1,1,3,3,3,3,3,3,3,1,3,1,1,2,3,3,1,1,3,3,1,3,1,1,3,2,3,3,2,3,3,1,3
23,26.5,2,2,1,3,3,2,2,1,2,3,2,2,2,2,1,2,2,1,1,2,2,3,2,3,3,2,2,3,2,2,1,1,3,3,3,1,2,3,1,1,3,3,3,3,3,1,1,3,2,1,1,3,3,3,3,3,3,2,1,1,3,2,2,3,3,1,3,2,2,1,3,3,3,2,1,3,1,1,3,2,3,1,2,3,3,1,3,1,1,3,2,3,3,3,3,1,2,3
23,23.6,3,2,1,3,3,2,2,1,2,3,1,3,3,3,1,2,1,1,1,3,3,3,1,3,3,1,2,3,3,2,1,2,2,3,3,3,1,3,1,1,3,3,3,3,2,1,1,1,2,1,1,2,3,2,3,3,3,3,1,1,3,2,3,2,3,1,1,3,1,3,3,2,3,2,1,3,1,2,2,2,3,1,3,2,3,3,3,1,2,3,3,2,3,2,3,1,2,3
23,17.5,2,1,1,3,3,2,2,1,3,3,1,1,3,3,1,2,2,1,1,3,3,3,1,3,3,1,2,3,2,3,1,1,3,3,1,2,1,3,1,1,3,3,3,3,2,1,3,2,1,1,1,2,2,1,3,2,1,2,1,1,3,1,3,3,3,1,2,2,3,2,2,2,2,3,1,3,1,2,2,3,3,1,1,3,3,2,3,1,1,3,2,3,3,2,3,1,2,3
23,24.7,2,2,1,3,3,3,2,2,2,3,2,3,3,3,1,1,2,1,1,3,2,3,1,3,1,3,2,3,3,3,1,2,3,3,2,2,1,3,1,1,3,1,3,2,2,2,2,2,3,1,1,2,3,3,2,2,2,3,1,1,3,1,2,3,3,1,1,2,1,3,3,1,1,3,2,2,1,1,3,2,3,2,2,3,3,3,2,1,2,3,3,3,3,2,3,2,2,3
23,25.1,3,2,1,3,3,1,1,3,1,3,1,3,3,3,2,1,2,1,1,2,3,3,2,3,2,2,1,3,2,2,1,1,2,2,3,2,1,3,1,1,3,3,3,3,3,3,1,3,2,1,1,2,3,1,3,3,3,2,1,1,2,2,2,3,3,1,2,2,2,1,2,2,3,3,1,3,2,1,2,3,2,1,3,3,3,2,3,1,1,2,3,3,3,2,3,2,1,3
23,25.6,3,1,1,3,3,2,2,1,3,2,3,2,3,3,1,3,3,1,1,3,2,3,3,3,2,3,1,3,2,2,1,2,3,2,3,1,1,3,1,1,3,3,3,3,3,2,3,1,2,1,1,1,3,2,3,3,3,2,1,1,2,3,2,3,3,1,1,2,1,3,2,3,3,2,1,3,1,1,2,3,3,1,3,2,3,3,2,1,1,3,3,2,3,2,3,3,2,3
23,25,2,1,1,3,3,2,2,1,3,3,2,3,3,2,1,1,3,1,1,3,2,3,1,3,3,3,2,3,3,3,1,3,3,2,3,2,1,3,1,1,3,3,3,3,2,1,1,1,1,2,1,3,3,1,2,2,1,2,1,1,3,1,3,3,3,1,1,1,1,2,3,2,1,2,1,3,1,1,3,3,2,2,3,2,3,2,3,1,1,3,3,2,3,2,3,2,2,2
23,20,3,1,1,3,3,2,3,1,3,2,3,1,2,1,2,3,2,1,1,3,2,3,1,3,2,3,2,3,3,3,1,2,2,2,2,1,1,3,1,1,3,3,3,3,3,1,1,1,2,1,1,2,3,1,3,1,2,2,1,1,3,2,2,3,3,1,2,1,3,1,3,3,2,3,1,2,1,2,3,2,3,2,1,3,3,1,2,1,1,3,1,3,3,2,3,2,2,3
23,22.4,3,1,1,3,3,3,2,1,3,3,1,2,3,3,1,2,3,1,1,2,2,3,1,3,3,3,1,3,2,3,2,2,3,3,3,1,1,3,2,2,3,2,3,3,3,1,3,1,2,1,1,2,2,2,2,2,1,1,1,1,3,3,2,3,3,1,2,2,2,3,3,3,3,3,1,2,1,2,3,3,3,2,2,3,3,1,3,1,1,3,3,3,3,2,3,2,3,3
23,24.9,3,2,1,3,3,3,2,2,2,3,1,1,2,2,1,3,2,1,1,3,3,3,1,3,3,3,2,2,2,2,1,2,3,3,3,1,1,3,1,1,2,3,3,3,2,1,2,2,1,1,1,2,1,1,2,3,2,2,1,2,2,3,3,3,3,1,1,3,1,2,3,2,2,3,1,3,1,1,1,3,2,1,1,3,3,3,3,1,1,3,3,1,3,2,3,1,2,2
23,22.5,3,1,1,3,3,2,3,1,2,3,2,3,3,3,1,2,3,1,1,3,3,3,1,3,2,1,2,3,2,3,1,1,2,3,2,2,1,3,1,1,3,3,3,3,3,1,3,2,1,1,1,1,3,3,3,3,1,3,1,1,3,1,3,3,3,1,3,2,1,2,2,3,2,2,1,3,1,1,2,1,3,2,2,3,3,3,2,1,2,3,3,2,3,2,3,1,3,3
23,20.6,3,2,1,2,3,2,2,1,3,2,1,3,3,2,1,2,2,1,1,3,2,3,1,3,2,3,2,3,3,3,1,3,2,3,2,2,1,3,2,2,3,2,3,3,2,2,3,3,2,1,1,2,3,2,3,3,3,1,1,1,3,2,2,3,3,1,1,2,2,1,2,1,2,2,1,3,2,1,2,3,3,2,2,3,3,2,3,1,1,3,3,3,3,3,3,1,2,3
23,18.2,3,1,1,2,3,3,3,1,3,3,2,2,3,3,1,1,3,1,1,3,2,3,1,3,3,2,1,3,3,2,1,1,2,3,2,2,1,2,1,1,3,3,3,3,2,1,1,2,1,1,1,3,3,3,3,1,1,1,1,1,3,2,2,3,3,1,1,1,3,2,3,3,2,3,1,2,1,1,3,3,2,1,3,3,3,2,3,2,2,3,3,3,3,3,2,3,2,3
23,25.3,2,3,1,3,3,1,2,1,3,3,1,3,3,3,1,1,1,1,1,3,3,3,1,3,3,2,1,3,2,1,1,2,3,3,3,1,1,3,1,1,3,3,3,3,3,1,1,1,1,1,1,3,3,2,3,3,2,2,2,1,3,3,2,3,3,1,1,3,2,1,2,3,3,3,1,3,1,1,3,2,2,1,3,3,3,2,2,1,1,3,2,2,3,3,2,1,1,3
23,17.6,3,1,1,3,3,3,2,1,3,3,1,2,3,3,1,1,2,1,2,3,2,3,1,3,3,2,1,3,2,2,1,1,2,3,2,1,1,3,1,1,3,3,3,3,2,2,2,3,3,1,1,3,3,3,3,1,1,3,1,1,3,1,3,3,3,1,2,2,3,3,1,3,2,2,1,3,1,1,2,2,3,2,2,3,3,1,2,1,1,3,3,3,3,3,2,2,2,3
23,23.9,3,1,1,3,3,1,2,1,3,3,1,2,3,1,1,1,2,1,1,3,3,3,1,3,3,2,1,3,2,1,1,2,3,2,2,1,1,3,1,1,3,3,3,3,3,1,1,1,2,1,1,1,3,3,3,3,3,3,1,1,3,1,3,3,3,1,1,1,1,3,3,3,1,2,1,3,2,1,3,2,3,1,2,3,3,3,2,1,1,3,2,3,3,3,2,3,2,3
23,23.4,3,1,1,3,3,2,3,1,3,3,1,3,3,2,1,1,2,1,1,3,3,3,1,3,3,2,1,3,2,2,1,1,3,3,2,2,1,3,1,1,3,3,3,3,3,1,1,2,2,1,1,3,2,3,2,2,2,3,1,1,3,3,2,3,3,1,1,2,2,2,3,3,1,2,1,3,2,1,2,2,3,2,2,3,3,2,3,2,1,3,3,3,3,2,3,2,3,1
23,19.6,2,1,1,3,3,2,3,1,3,3,1,1,3,1,2,2,2,1,1,3,2,3,1,3,2,1,2,3,1,2,1,1,2,3,3,1,1,3,1,1,3,3,3,3,3,2,1,1,1,2,1,3,2,2,3,1,1,2,1,1,3,2,3,3,3,1,1,1,1,2,3,3,3,2,1,3,1,1,3,3,3,1,1,3,3,3,3,2,1,3,3,3,3,3,3,1,2,3
25,26.5,3,1,1,3,3,2,3,1,3,2,2,3,3,2,1,2,3,1,1,3,1,3,2,3,2,2,2,3,1,3,1,2,2,3,3,1,1,3,1,1,3,2,3,3,2,2,2,2,2,2,1,2,3,2,3,3,3,2,2,1,2,3,2,3,3,1,1,2,3,2,3,1,3,3,1,3,1,1,2,2,2,1,2,3,3,2,3,1,2,3,3,3,3,3,3,2,2,3
25,28.5,3,1,1,3,3,2,2,1,2,3,2,3,2,1,1,1,1,1,1,3,3,2,1,2,2,2,2,3,1,3,1,2,2,3,3,1,1,3,2,1,3,3,3,3,2,2,1,2,2,2,1,1,3,2,3,2,2,3,2,1,3,3,3,3,3,1,3,3,3,2,3,3,3,2,1,3,1,1,2,3,3,2,2,3,3,1,3,1,1,3,2,1,3,3,3,3,2,3
25,24.5,3,1,1,3,3,2,3,1,3,2,3,3,3,2,1,1,2,1,1,3,3,3,1,3,2,1,3,3,2,2,1,2,1,3,1,2,1,3,3,3,3,2,3,3,3,3,1,2,3,1,1,3,2,3,3,2,2,3,1,1,3,2,3,3,3,2,1,3,1,3,3,2,2,2,1,3,1,2,2,2,3,1,2,3,3,1,3,1,1,3,2,3,3,3,3,3,2,3
25,22.4,3,1,1,3,3,2,3,2,2,3,3,2,3,3,1,1,3,1,1,3,3,3,1,3,3,2,3,3,1,2,1,1,3,2,2,3,1,3,1,1,3,3,3,3,3,1,1,1,2,3,1,2,2,2,3,3,2,2,1,1,3,2,2,3,3,1,3,2,1,3,3,2,3,3,1,2,2,2,3,3,3,1,3,2,3,2,3,1,1,3,3,2,3,3,3,1,2,3
25,20,2,2,1,3,3,3,3,1,3,3,2,3,3,3,1,2,2,1,1,3,2,3,1,2,2,3,1,3,3,2,1,3,2,2,3,3,1,3,1,1,3,2,3,3,2,1,2,1,2,2,1,1,2,2,3,2,2,3,2,1,3,3,2,3,3,1,1,2,2,2,2,3,3,2,1,3,1,1,3,3,2,1,3,3,3,2,3,2,1,3,2,2,3,2,3,2,1,3
25,20.7,3,1,1,3,3,3,1,1,2,3,2,1,3,2,1,3,2,1,2,2,3,3,1,3,1,3,1,3,1,2,1,1,3,3,2,2,1,3,2,2,3,3,3,3,3,2,1,2,1,1,1,1,3,3,2,1,1,3,1,2,2,2,3,3,3,1,1,2,1,2,2,2,3,3,1,2,1,1,1,1,2,1,2,2,3,2,3,1,1,3,3,3,3,3,3,1,3,3
25,23.7,3,2,1,2,3,2,2,1,3,2,2,2,3,3,1,2,3,1,1,3,2,3,1,3,3,3,1,3,3,2,1,2,3,2,2,2,1,3,1,1,3,3,3,3,1,1,1,1,2,1,1,2,3,3,3,3,3,2,1,1,3,2,3,3,3,1,1,2,3,1,2,2,2,2,1,3,1,1,2,1,3,2,3,3,3,2,3,1,1,3,1,3,3,2,3,3,2,3
25,28,3,3,1,3,3,2,3,1,3,3,2,2,3,3,1,2,2,1,1,3,3,3,1,3,3,3,1,3,2,3,1,3,1,3,3,2,1,3,1,1,3,3,3,3,3,2,2,1,1,1,1,1,3,2,3,1,1,2,1,1,3,1,3,3,3,1,1,3,1,3,3,2,2,2,1,3,1,1,3,1,2,1,3,3,3,2,2,1,1,3,3,2,3,3,3,2,2,3
25,25.6,2,1,1,3,3,3,2,1,2,3,1,3,3,3,1,2,2,1,3,2,3,3,1,3,3,1,2,3,1,3,2,1,2,2,3,1,2,3,1,1,3,3,3,3,3,1,2,2,2,2,1,2,2,2,3,3,2,2,1,1,3,1,2,3,3,1,2,1,1,2,3,3,3,3,1,3,1,1,3,3,3,1,3,3,3,3,3,1,1,3,3,3,3,2,3,1,2,2
25,22.9,3,1,1,3,3,2,3,1,2,2,3,3,3,3,1,1,3,1,1,3,2,3,1,3,2,3,2,3,2,3,1,1,2,3,3,3,1,2,1,1,3,3,3,3,3,1,2,1,2,1,1,2,3,2,3,3,3,2,1,1,3,3,3,3,3,1,1,1,2,3,3,2,2,3,1,2,1,2,1,3,3,1,1,2,2,3,3,2,2,3,3,3,3,2,2,1,2,2
25,24.4,3,1,1,3,3,3,3,1,3,3,2,3,3,3,1,1,3,1,1,3,1,3,1,2,2,3,1,3,1,2,1,2,1,3,2,2,1,3,1,1,3,2,3,3,2,2,1,1,2,1,2,2,3,2,3,3,2,1,1,1,3,2,3,3,3,1,1,2,1,1,2,2,1,2,1,1,1,1,3,3,2,1,1,3,3,2,3,1,2,3,2,3,3,2,2,1,1,3
26,23.9,3,3,1,3,3,3,3,2,1,2,1,2,3,3,1,2,3,1,1,3,2,3,1,3,3,2,1,3,1,2,2,1,2,3,2,1,1,3,1,1,3,3,3,3,3,2,3,1,2,1,1,3,3,1,3,2,2,3,1,1,2,2,3,3,3,1,1,2,2,1,3,2,2,3,1,2,1,2,3,3,3,2,1,3,3,2,2,1,1,3,2,3,3,3,2,2,2,3
26,25.2,2,2,1,3,3,3,2,1,3,3,2,2,3,2,1,1,3,1,1,3,3,3,2,3,2,3,1,3,2,1,1,1,2,3,3,2,1,3,1,1,3,3,3,2,2,1,1,2,2,1,1,1,3,2,2,2,2,3,1,1,1,1,3,3,3,1,1,2,2,2,3,2,3,3,1,3,1,1,1,2,3,1,2,3,3,2,3,1,1,3,2,3,3,3,2,2,3,3
26,27.1,3,1,1,3,3,2,2,1,3,3,2,3,3,2,2,1,3,1,1,2,3,3,1,3,3,2,1,3,2,3,1,2,3,3,2,2,1,3,1,1,3,2,3,3,2,2,1,2,3,1,1,3,3,3,3,1,1,3,1,1,2,3,3,3,3,1,1,2,1,2,2,1,2,3,1,3,1,1,2,3,3,1,2,3,3,3,3,1,1,3,2,3,3,3,3,2,3,3
26,25.5,3,1,1,3,3,3,2,1,3,3,3,3,2,2,1,2,2,1,3,3,3,3,1,2,2,3,1,3,3,2,1,2,3,3,3,2,1,3,1,1,3,3,3,3,3,1,2,2,1,1,1,3,3,3,3,3,2,2,2,2,3,1,3,3,3,1,1,2,2,3,3,1,1,3,1,3,1,2,3,2,3,2,2,2,3,2,3,1,1,3,3,1,3,2,3,3,2,3
26,21.4,3,1,1,3,3,3,2,1,3,3,1,2,3,3,1,1,3,1,2,3,3,3,1,3,3,2,2,3,2,2,1,2,2,3,3,2,2,3,1,1,3,1,3,3,2,1,1,2,2,1,1,2,3,2,3,2,2,2,1,2,3,2,3,3,3,1,1,1,2,2,3,3,2,3,1,3,1,2,1,3,2,2,2,3,3,1,2,1,1,3,3,3,3,2,3,3,2,2
26,26.5,2,1,1,3,3,2,3,1,3,3,2,2,3,3,1,2,3,1,1,3,3,3,1,3,2,2,1,3,1,2,1,2,2,3,3,1,1,3,1,1,3,3,3,3,3,2,2,2,2,1,1,2,2,3,3,2,2,2,2,1,3,3,3,3,3,1,2,1,2,3,3,2,2,3,1,3,1,2,3,3,2,1,1,1,2,2,3,1,1,3,2,3,3,2,3,2,2,3
26,22.6,3,2,1,3,3,3,1,1,3,2,2,2,3,1,1,1,3,1,1,2,2,3,2,3,2,3,1,3,2,3,1,2,3,3,2,1,1,3,1,1,3,3,3,3,3,2,2,3,1,1,1,3,3,1,3,3,2,3,1,1,2,2,3,3,3,1,2,2,2,2,3,2,2,3,1,3,1,1,3,3,3,1,1,2,3,2,2,1,2,3,2,3,3,3,3,2,2,3
26,20.5,2,1,1,3,3,3,2,1,2,1,3,3,2,3,2,2,2,1,1,3,3,3,1,3,3,3,1,3,3,1,1,1,3,2,2,1,1,3,1,1,3,2,2,3,3,2,1,1,2,1,1,1,3,2,2,2,1,2,1,1,3,3,3,3,3,1,2,2,1,2,2,1,3,2,3,2,1,2,2,2,3,1,3,3,3,3,3,1,1,3,3,3,3,2,3,2,1,3
26,19.4,3,1,1,3,3,3,2,1,3,3,2,3,2,3,2,2,3,1,1,3,2,2,1,3,3,2,1,3,3,2,1,2,2,3,3,2,1,3,1,1,3,1,3,3,2,1,3,1,2,1,1,2,3,1,3,3,3,2,2,2,3,2,3,3,3,1,1,2,2,3,2,2,2,3,1,3,1,1,2,2,2,1,1,3,3,1,2,2,2,3,3,3,3,3,2,1,3,3
26,30.4,3,2,2,3,3,2,2,2,2,2,2,2,3,3,1,2,3,1,1,3,3,3,1,3,1,3,1,3,1,2,1,2,3,3,2,2,2,3,1,1,3,3,3,3,3,2,1,1,2,1,1,2,3,1,3,2,2,3,1,2,2,2,3,3,3,2,2,3,2,3,3,2,1,2,1,2,1,1,3,3,2,1,3,3,2,2,3,1,1,3,3,2,3,2,2,3,2,3
26,24.3,3,2,1,3,2,3,2,1,3,2,2,2,3,3,1,1,2,1,1,3,3,3,1,3,2,3,3,3,3,3,1,1,2,3,3,2,1,3,1,1,3,3,3,3,3,1,3,1,1,1,1,2,3,2,3,3,2,2,1,1,2,2,3,3,3,1,1,2,1,2,3,3,3,3,1,3,1,1,2,1,3,1,2,3,3,3,3,1,1,3,3,3,3,1,3,2,1,3
26,18,3,2,1,3,3,2,2,1,3,2,2,2,3,2,1,2,3,1,1,3,2,3,2,3,3,3,1,3,3,3,1,2,3,3,3,2,1,3,1,1,3,3,3,3,3,1,2,1,1,1,1,2,3,2,2,3,1,3,1,2,3,2,3,3,3,1,1,1,2,2,3,2,3,3,1,3,1,1,2,3,2,1,3,2,3,2,3,3,1,3,3,3,3,2,3,2,3,1
26,23.1,3,3,1,3,3,3,3,1,3,2,2,2,3,2,1,1,2,1,1,3,3,3,1,2,2,3,1,3,3,3,1,2,3,2,2,2,1,2,1,1,3,2,3,3,3,1,3,1,1,1,1,3,3,3,3,3,2,1,1,1,2,3,3,3,3,1,1,3,3,3,3,3,3,2,1,2,1,1,3,3,2,1,3,3,3,1,2,1,1,3,3,2,3,3,3,2,3,3
26,16.9,2,1,1,3,3,3,3,1,3,3,2,3,3,3,1,1,3,1,1,3,2,3,1,2,1,2,3,3,3,2,1,1,3,3,3,2,1,3,1,1,3,3,3,3,3,2,1,2,2,1,1,2,3,1,2,3,2,3,1,1,2,1,3,3,3,1,1,2,1,2,2,3,2,2,1,3,1,1,2,3,3,1,1,3,3,2,3,1,2,3,2,3,3,3,2,1,1,3
26,28.7,3,2,1,3,3,1,2,1,2,3,3,1,3,2,1,1,2,1,1,3,3,3,1,3,3,3,2,3,3,1,1,2,3,3,3,3,1,3,1,1,3,2,3,3,3,2,2,2,1,1,1,1,2,2,2,3,3,2,2,1,3,2,3,3,3,1,1,3,3,3,3,1,1,2,1,3,1,1,3,2,3,2,3,3,3,1,2,1,1,3,2,2,3,3,3,1,3,3
26,19.3,3,1,1,3,3,3,2,1,2,3,2,2,3,2,1,2,2,1,1,3,1,3,1,3,3,2,2,3,3,1,1,2,3,3,2,3,1,3,1,1,3,3,3,3,2,2,2,2,2,1,1,3,3,1,3,3,3,2,2,1,3,2,3,3,3,1,1,1,2,3,3,2,1,3,1,3,1,1,2,2,3,1,1,3,3,1,2,1,1,3,3,2,3,2,3,2,2,3
26,14.9,3,1,1,3,3,2,3,1,2,3,2,2,3,2,1,1,2,1,2,3,2,3,1,3,2,2,1,2,2,1,1,1,3,3,3,3,1,3,1,1,3,2,3,3,2,1,3,3,2,1,1,1,3,1,3,2,2,2,1,1,3,3,3,3,3,1,2,2,1,1,3,2,1,3,1,3,1,2,2,3,3,1,1,3,3,2,2,1,1,3,3,2,3,2,3,2,1,3
26,19.5,3,2,1,3,3,3,3,1,3,2,1,2,3,3,2,1,2,1,2,3,3,3,1,3,1,2,3,3,2,3,1,1,3,3,3,2,1,3,1,1,3,3,3,3,3,1,2,1,1,1,1,1,2,2,3,3,3,3,1,1,2,1,3,3,3,1,2,1,1,3,2,2,3,2,1,3,1,2,3,3,2,1,2,3,3,3,3,1,1,3,3,3,3,3,3,1,2,3
27,32.1,3,1,1,3,3,1,2,1,3,2,1,3,3,3,1,2,3,1,2,3,3,2,1,3,1,3,1,3,1,3,1,1,3,2,3,1,2,3,1,1,3,3,3,3,2,3,2,3,2,1,1,1,3,1,2,2,2,2,1,2,2,2,3,3,3,1,2,2,1,2,3,1,3,2,1,3,1,1,3,3,2,2,3,3,3,3,3,1,1,3,2,3,3,3,3,1,2,3
27,26.1,3,1,1,3,3,3,1,1,3,3,1,2,2,3,2,2,3,1,1,2,2,3,1,3,3,3,1,3,2,2,1,2,3,2,3,1,1,3,1,1,3,3,3,3,3,2,3,3,2,1,1,2,2,2,1,1,1,3,1,1,2,2,3,3,3,1,2,2,1,2,3,2,2,3,1,3,1,1,3,3,2,2,1,3,3,3,3,1,1,3,3,3,3,3,3,3,2,2
27,27.7,3,1,1,3,3,3,2,2,2,3,3,3,3,3,1,2,2,1,1,3,3,3,1,3,2,2,2,3,1,2,2,2,2,2,3,2,1,3,1,1,3,3,3,3,3,1,2,1,1,1,1,2,3,2,3,3,2,2,2,2,3,2,2,3,3,1,1,1,3,2,3,2,3,3,2,3,1,1,2,3,3,1,1,2,3,1,3,1,1,3,2,1,2,3,2,3,3,2
27,29.5,3,2,1,3,3,2,3,1,3,3,1,2,3,3,1,1,3,1,1,3,2,3,1,2,2,2,3,3,3,3,1,2,3,3,3,1,1,3,1,1,3,3,3,3,2,2,1,1,1,1,1,3,3,2,3,2,1,3,1,1,3,2,3,3,3,1,1,2,1,2,3,2,1,3,1,2,1,1,2,2,3,1,3,3,3,3,3,1,1,3,3,3,3,2,3,3,2,3
27,27,3,3,1,3,2,3,2,1,3,3,2,2,3,3,1,1,2,1,1,3,3,3,1,3,2,3,1,3,1,2,1,3,2,3,3,2,2,3,1,1,3,3,3,3,3,2,3,2,3,1,1,1,3,2,3,3,3,2,2,2,3,2,3,3,3,1,1,1,1,2,3,2,3,2,1,3,1,2,3,3,2,2,3,3,3,3,3,2,2,2,3,3,3,1,3,1,3,3
27,27.1,3,2,1,3,3,1,1,2,2,3,1,3,3,2,1,1,3,1,1,3,2,3,1,2,2,1,1,3,1,3,1,2,3,3,3,1,1,3,1,1,3,3,3,3,3,1,2,1,1,2,1,2,3,2,3,3,2,3,2,1,3,2,3,3,3,1,1,2,1,2,2,3,2,3,1,3,1,1,2,2,2,1,1,3,3,2,3,1,1,3,3,2,3,3,2,2,3,3
27,24.9,3,1,1,3,3,3,2,1,3,3,1,1,3,2,1,2,2,1,1,3,2,3,1,3,1,3,3,3,3,1,2,1,3,3,2,1,2,3,1,1,3,3,3,3,1,2,1,1,1,1,1,3,2,2,3,3,1,2,1,1,2,2,3,3,3,1,1,1,1,2,2,3,3,2,1,3,1,2,1,2,2,1,2,3,3,3,2,1,1,3,2,3,3,2,3,3,1,3
27,26.4,3,1,1,3,3,3,2,2,2,3,3,2,3,3,2,1,1,1,1,3,1,3,1,3,3,3,1,3,3,3,1,1,2,3,2,1,2,2,1,1,3,2,3,3,3,1,1,3,1,1,1,3,3,1,1,3,2,2,1,1,3,3,3,3,3,1,1,2,1,2,3,2,3,2,1,2,1,1,3,3,3,1,3,2,3,3,3,1,1,3,2,3,3,2,3,1,3,3
27,28.6,2,1,1,3,2,2,3,1,3,3,2,2,2,3,1,1,2,1,1,3,2,3,1,3,2,2,3,3,2,2,1,3,2,2,3,1,2,3,1,1,3,3,3,3,2,1,3,2,2,1,1,2,3,2,2,3,3,3,2,1,3,3,3,3,3,1,1,3,1,1,3,1,3,3,1,3,1,1,2,1,3,2,3,3,3,3,2,2,1,3,3,2,3,2,3,2,2,3
27,22.8,2,2,1,3,3,3,2,2,2,3,2,3,3,2,1,2,2,1,1,3,2,2,1,2,2,3,1,3,1,3,1,2,2,2,3,2,2,3,1,1,3,3,3,3,3,2,2,1,2,1,1,3,2,1,2,2,2,1,1,1,3,1,2,3,3,1,2,3,1,2,3,2,2,3,1,2,1,1,3,3,2,2,2,3,3,3,2,2,1,3,3,2,3,3,3,1,2,2
27,16.8,3,1,1,3,3,2,3,2,2,2,2,2,3,3,1,3,2,1,1,3,3,3,1,3,2,2,1,3,2,3,1,2,2,3,2,1,2,3,1,1,3,3,3,3,2,1,1,1,1,1,1,3,3,3,3,2,2,1,2,1,2,2,3,3,3,1,1,1,1,2,3,2,2,2,1,3,2,1,3,2,3,1,1,3,3,2,3,1,1,3,3,2,3,3,2,1,2,3
27,20.4,2,1,1,3,3,3,2,1,3,3,1,2,3,3,1,2,2,1,1,3,3,3,1,3,3,2,1,3,2,3,1,1,3,2,2,2,2,3,1,1,3,2,3,3,2,1,1,2,2,1,1,2,3,1,2,3,3,2,1,1,3,2,3,3,3,1,1,3,1,1,3,2,3,3,1,3,1,2,3,2,3,1,1,2,3,2,3,1,2,3,3,2,3,3,3,1,3,3
27,18.3,3,3,1,3,3,3,1,2,2,3,3,2,3,1,1,3,3,1,1,3,3,2,1,3,3,3,2,3,3,3,1,2,3,3,2,2,1,3,1,1,3,3,3,3,3,1,3,1,2,2,1,2,2,2,3,1,1,3,1,1,2,2,3,3,3,1,2,2,1,2,3,3,2,2,1,2,1,1,3,2,3,1,3,3,3,3,3,1,1,3,2,3,3,2,3,1,3,3
28,23.1,3,2,1,3,3,2,2,1,3,2,3,3,2,3,1,2,2,1,1,3,1,3,3,3,1,2,2,3,3,2,1,1,2,3,3,2,1,3,1,1,3,2,3,3,3,2,3,2,2,1,1,1,3,2,3,3,3,3,1,1,3,2,3,3,3,1,1,2,1,1,3,1,2,3,1,1,1,1,2,1,2,2,2,3,3,2,3,1,1,3,3,3,3,3,3,2,2,3
28,30,2,1,1,3,3,2,2,1,3,2,2,2,3,2,1,2,3,1,1,3,3,3,1,3,1,2,2,3,2,2,1,2,3,3,2,3,1,2,1,1,3,3,3,3,2,1,2,1,2,1,1,2,2,2,2,2,3,3,1,1,3,3,2,3,3,1,2,2,1,2,3,3,2,3,2,3,1,1,3,3,3,1,1,3,3,2,2,1,1,3,3,3,3,3,2,1,2,3
28,24.3,3,1,1,3,3,1,3,1,3,3,2,1,3,3,1,3,3,1,1,3,2,3,1,3,2,2,2,3,3,1,1,2,3,3,2,1,1,3,1,1,3,3,3,3,3,1,1,3,1,2,1,3,1,1,2,3,2,2,2,1,3,1,3,3,3,1,2,2,3,2,3,2,3,3,1,3,1,2,3,3,3,1,2,2,3,1,3,1,1,3,2,3,3,1,2,3,1,3
28,26.3,3,2,1,3,3,3,1,1,3,1,2,3,3,3,1,1,2,1,1,3,2,3,1,3,3,3,3,3,2,2,1,1,1,3,3,2,1,3,1,1,3,3,3,3,2,1,1,2,2,2,1,2,1,1,3,2,2,2,1,2,1,2,3,3,3,1,1,2,2,2,2,2,2,3,1,3,1,1,2,2,3,1,2,3,3,2,2,2,1,3,3,2,3,2,2,3,3,3
28,26.6,3,1,1,3,3,3,2,1,3,3,3,2,3,2,1,1,3,1,1,3,3,3,1,3,2,3,1,3,3,2,1,2,2,3,2,1,1,3,1,1,3,3,3,3,2,1,1,3,1,1,1,2,3,2,2,2,2,3,2,1,3,1,3,3,3,1,2,2,1,2,3,3,3,2,1,1,1,1,2,3,3,3,2,2,3,2,3,1,1,3,1,3,3,2,2,1,3,2
28,26,3,2,1,3,3,2,1,1,3,2,2,3,3,3,1,3,3,1,1,3,3,3,1,3,2,3,2,3,1,3,2,1,3,3,2,3,1,3,1,1,3,3,3,3,2,2,3,1,2,2,1,3,3,3,3,2,2,1,1,1,3,3,3,3,3,1,1,3,3,3,3,2,3,2,1,3,1,1,3,3,3,1,2,3,3,3,3,1,1,3,3,3,3,2,3,3,2,1
28,28,3,1,1,3,3,2,1,1,2,3,2,2,3,3,2,3,2,1,1,3,3,3,1,3,3,3,1,3,2,2,1,3,2,3,2,1,1,2,1,1,3,3,3,3,1,1,1,1,1,1,1,2,2,3,3,2,2,3,1,1,3,1,2,3,2,1,2,3,2,1,2,3,2,3,2,3,1,2,3,2,2,1,2,3,3,2,2,2,1,3,2,3,3,1,3,2,2,3
28,25.4,2,2,1,3,3,3,2,1,3,2,2,3,3,3,2,2,1,1,1,3,2,3,1,3,2,2,1,3,2,2,1,1,3,3,2,1,2,3,1,1,3,2,3,3,3,2,1,2,2,1,1,3,2,2,3,3,3,2,1,1,3,2,3,3,3,1,3,1,1,3,1,1,1,2,2,3,1,1,3,1,3,2,2,3,3,3,3,1,1,3,3,2,3,2,3,2,3,3
28,16.9,3,1,1,3,3,3,3,1,3,3,1,2,3,3,2,1,1,1,1,3,3,3,1,3,3,2,1,3,3,3,1,2,2,3,3,2,2,3,1,1,3,3,3,3,3,2,1,3,3,1,1,3,3,1,2,3,3,2,2,1,3,3,3,3,3,1,1,2,3,2,2,3,2,3,2,3,1,1,3,2,3,1,2,3,3,1,3,1,1,3,3,3,3,3,3,3,2,3
28,28.8,3,1,1,3,3,3,2,1,1,3,2,3,3,3,1,2,2,1,1,2,2,3,1,3,2,1,1,3,2,3,1,1,1,3,3,1,1,3,1,1,3,3,3,3,3,3,2,2,1,1,1,3,2,3,3,3,3,3,1,1,2,2,3,3,3,1,1,2,1,1,3,2,1,2,1,3,1,1,3,2,2,1,1,3,3,2,3,1,1,3,3,3,3,3,3,1,3,2
28,27.6,3,1,1,3,3,3,1,1,3,2,1,3,2,2,1,1,2,1,3,3,2,3,1,3,3,1,1,3,1,2,2,2,2,2,3,2,1,3,1,1,3,3,3,3,2,1,1,3,2,1,1,3,3,3,2,2,2,3,3,1,3,3,2,3,3,1,1,1,1,3,2,3,3,3,1,3,1,2,2,3,2,1,1,3,3,2,3,1,1,3,3,3,3,3,3,2,3,3
28,16.7,3,1,1,3,3,3,2,1,1,3,1,3,3,2,1,1,2,1,1,3,2,3,1,3,1,3,1,3,2,2,1,1,2,3,2,3,2,3,2,2,3,3,3,3,3,2,2,2,2,1,1,3,3,1,3,2,2,2,1,1,3,2,3,3,3,1,1,2,1,2,3,2,2,2,1,3,1,2,1,2,2,2,2,3,3,3,2,2,1,3,2,3,3,1,2,3,3,3
28,19.8,3,1,1,3,3,2,2,1,3,3,2,3,3,2,1,1,2,1,2,3,3,3,1,3,3,3,2,3,2,3,2,2,1,3,3,1,1,3,1,1,3,3,3,3,3,2,2,2,3,1,1,2,3,2,3,2,2,3,1,2,3,3,3,3,3,1,1,2,3,3,2,1,3,3,1,3,1,1,3,1,3,1,2,2,3,2,2,1,1,3,3,3,3,3,3,2,2,3
28,27.2,3,2,1,3,3,2,2,1,2,3,1,3,3,3,1,1,2,1,1,3,3,3,1,3,3,1,3,3,2,2,1,2,2,3,2,1,2,3,1,1,3,3,3,3,2,1,3,2,1,1,1,2,3,1,3,3,2,2,1,1,3,2,3,3,3,1,2,1,1,2,2,1,2,2,1,3,1,1,3,3,3,1,2,3,3,2,2,1,2,3,2,3,3,2,3,1,2,3
29,26.9,3,2,1,3,3,1,2,1,3,3,2,2,3,3,1,1,3,1,1,3,2,3,1,3,3,1,2,3,2,2,1,1,3,2,3,2,1,3,1,1,3,2,3,3,3,2,2,2,2,1,1,2,3,2,3,2,2,2,1,1,3,2,3,3,3,1,1,2,2,1,3,2,3,2,1,3,1,1,2,2,3,2,2,3,3,2,3,1,2,3,2,2,3,2,3,3,3,2
29,25.2,3,1,1,3,3,1,2,1,3,3,3,3,2,3,1,1,2,1,1,3,3,3,1,3,2,3,2,3,3,3,1,2,2,3,3,1,1,2,1,1,3,2,3,3,3,1,3,2,2,1,1,3,3,2,1,2,1,2,1,1,3,2,2,3,3,1,1,3,1,3,3,3,3,3,2,2,1,1,2,2,3,1,3,3,3,3,3,1,1,3,3,3,3,2,3,1,1,3
29,20.8,3,1,1,3,3,2,1,1,2,3,3,3,3,2,2,1,3,1,1,3,2,3,1,3,3,3,2,3,2,2,2,1,3,3,2,1,1,3,1,1,3,3,3,3,3,3,2,1,1,1,1,2,2,3,3,3,3,2,1,2,3,2,3,3,3,1,2,3,2,2,3,3,3,3,1,2,1,1,1,3,3,1,2,3,3,2,3,1,2,3,3,3,3,3,3,2,3,3
29,24.6,3,1,1,3,3,3,3,1,3,3,2,3,3,2,1,2,3,1,1,2,2,3,1,3,3,3,2,3,1,3,1,2,2,2,3,1,1,3,2,2,3,3,3,3,2,1,1,1,2,2,1,2,3,2,3,3,3,2,1,1,3,1,3,3,3,1,1,2,1,3,3,3,2,3,1,2,1,2,3,2,3,1,2,2,3,2,2,2,1,3,2,3,3,2,2,2,3,3
29,18.4,3,1,1,2,3,1,2,1,2,2,3,3,3,2,2,2,2,1,1,3,3,3,1,3,3,2,1,3,2,3,1,1,2,3,1,1,1,3,1,1,3,3,3,3,3,2,3,1,1,1,1,2,3,1,3,2,1,2,1,1,3,2,3,3,3,1,2,3,2,3,2,2,3,3,1,3,1,1,1,3,3,1,2,2,3,2,3,2,1,3,3,3,3,3,3,3,2,3
29,18.7,3,1,1,3,3,2,3,2,2,1,3,3,3,3,1,1,3,1,1,3,3,3,1,3,3,3,1,3,3,2,1,1,3,3,3,2,1,3,1,1,3,3,3,3,2,1,2,2,2,1,1,2,3,1,3,2,3,3,1,1,3,3,3,3,3,1,2,2,2,1,3,2,3,3,2,3,1,1,3,2,2,1,2,3,3,2,3,2,1,3,3,1,3,3,3,2,2,2
29,22.2,2,1,1,2,3,3,3,1,3,3,2,3,3,2,1,1,3,1,1,3,3,3,1,3,3,2,1,3,2,2,1,2,3,2,2,1,2,3,2,2,3,3,3,3,2,1,3,3,1,1,1,2,3,1,2,3,2,2,1,1,3,2,3,3,3,1,1,1,2,2,3,3,3,2,1,2,1,1,2,3,3,1,3,2,3,2,3,1,1,3,3,2,3,3,3,3,1,2
29,27.9,2,1,1,2,3,3,3,1,2,2,2,3,3,3,1,2,3,1,1,3,3,3,1,3,3,2,3,3,2,1,1,2,1,3,2,1,1,3,1,1,3,3,3,3,2,2,2,1,2,2,1,2,3,3,2,3,2,2,2,1,3,2,3,3,3,1,1,2,2,2,3,3,1,2,1,3,1,2,1,2,2,2,1,2,3,2,2,1,1,3,2,3,3,2,3,2,1,2
29,19.6,3,1,1,3,3,2,2,1,3,2,3,2,3,2,2,3,2,1,1,3,3,3,1,3,3,2,3,3,3,2,1,2,3,2,1,3,2,3,1,1,3,3,3,3,3,1,1,2,2,3,1,2,3,3,3,3,2,2,1,1,3,2,3,3,3,1,1,3,1,3,3,2,1,3,2,3,1,1,3,2,3,1,2,3,3,2,3,1,1,3,3,3,3,1,3,1,3,3
29,15.7,3,1,1,3,3,3,3,1,2,3,2,2,3,3,2,2,2,1,1,3,2,3,1,3,2,3,2,3,2,3,1,2,3,3,1,1,3,3,1,1,3,2,3,3,3,2,1,2,3,2,1,1,3,2,3,3,2,3,2,1,3,2,3,3,3,1,2,2,2,2,3,3,2,3,1,3,1,1,3,3,3,2,3,3,3,2,3,1,1,3,2,3,3,3,2,2,2,3
29,23.7,3,1,1,2,3,2,2,1,2,2,2,2,3,3,2,1,3,1,1,3,3,3,2,3,2,2,2,3,3,3,2,3,3,3,3,1,1,3,1,1,3,3,3,3,3,2,3,1,1,1,1,2,3,1,3,2,2,2,2,2,2,1,3,3,3,1,3,1,2,2,1,3,1,2,1,3,1,2,2,2,3,1,3,3,3,2,2,2,2,3,3,3,3,2,3,2,2,3
31,20.4,3,1,1,3,3,1,2,1,3,3,2,3,3,1,1,2,2,1,1,3,3,3,1,3,3,2,1,3,1,2,2,2,3,3,3,1,1,3,2,1,3,2,3,3,3,1,1,1,2,1,1,2,2,3,3,1,1,3,2,1,3,2,3,3,3,1,1,3,3,3,2,2,2,3,1,3,1,2,2,3,2,1,2,3,3,1,3,1,1,3,3,3,3,2,3,2,3,3
31,19.6,3,1,1,3,3,2,2,1,3,2,3,2,2,3,3,2,3,1,1,3,2,2,1,3,1,1,1,3,2,2,1,2,1,2,3,2,1,3,1,1,3,2,3,3,3,1,3,3,3,1,1,3,2,2,2,3,3,3,2,1,2,1,3,3,3,1,1,2,3,3,3,3,3,3,1,2,2,1,2,3,3,1,2,3,3,2,2,1,2,3,3,3,3,3,3,2,3,2
31,26.3,3,2,1,3,3,3,3,1,3,3,3,3,3,2,1,1,2,1,1,3,3,3,1,3,3,3,2,3,2,1,1,1,3,3,3,2,1,3,1,1,3,1,3,3,2,2,3,2,2,1,1,3,3,2,3,3,2,2,1,1,3,2,3,3,3,1,3,2,1,2,3,2,2,2,1,3,1,2,3,1,2,1,2,3,3,3,3,1,1,3,3,3,3,2,3,2,3,1
31,18.6,2,1,1,3,3,3,2,2,2,3,1,3,2,3,2,1,1,1,2,3,1,3,1,3,2,1,2,3,2,3,1,2,2,3,2,2,2,3,1,1,3,3,3,3,3,2,3,3,2,2,1,3,3,3,3,2,2,2,2,2,3,2,3,3,3,1,1,3,1,3,2,1,2,2,1,3,1,1,1,3,3,1,2,2,3,3,2,1,2,3,3,3,3,2,3,1,2,3
31,19.4,2,1,1,3,3,1,1,1,3,2,2,2,3,3,1,1,2,1,1,3,3,3,1,3,3,3,1,3,3,1,1,1,1,3,3,1,2,3,1,1,3,2,3,3,3,2,2,1,2,2,1,1,3,2,3,2,2,2,1,1,3,2,2,3,3,1,1,2,2,3,3,2,3,3,1,3,2,2,3,3,2,1,1,2,3,2,2,2,2,3,3,3,3,2,3,3,1,3
31,20.7,3,1,1,3,3,3,3,1,3,2,2,3,3,2,1,1,3,1,2,3,3,3,1,3,2,2,1,3,2,3,1,2,2,3,3,2,1,3,2,2,3,3,3,2,2,2,2,1,1,1,1,3,3,1,3,2,2,2,2,1,3,2,3,3,3,1,1,3,3,3,3,2,2,1,1,3,1,1,3,3,3,1,3,3,3,1,2,1,1,3,2,2,3,2,3,3,2,3
31,28,3,1,1,3,3,2,2,1,3,3,1,2,3,3,1,1,1,1,1,3,3,3,1,3,2,3,1,3,2,1,2,2,3,3,3,2,1,3,1,1,3,3,3,3,2,2,3,1,2,1,1,1,2,2,3,1,1,2,2,1,3,2,3,3,3,1,1,3,1,3,2,2,2,3,2,2,1,1,3,3,3,1,2,3,3,3,3,1,1,3,3,2,3,3,3,2,2,3
31,22.2,3,1,1,2,3,3,2,1,3,3,1,2,3,3,1,3,2,1,1,3,2,3,1,3,3,2,2,3,2,2,1,1,3,3,3,3,1,3,1,1,3,3,3,3,2,1,2,2,2,1,1,2,2,3,3,3,3,2,1,2,3,2,3,3,3,1,2,2,2,2,1,3,3,3,1,3,1,1,2,3,3,1,1,2,3,2,3,1,1,3,3,1,3,3,3,1,3,3
31,26.4,3,1,1,3,3,2,2,1,2,2,2,1,3,3,1,1,3,1,1,3,2,3,1,3,3,2,3,3,3,3,1,3,2,2,3,2,1,3,1,1,3,3,3,3,2,1,3,3,2,2,1,2,3,2,2,2,3,2,1,1,3,2,3,3,3,1,1,2,2,1,2,1,2,3,1,2,1,1,3,3,3,1,3,3,3,3,2,1,1,3,2,3,3,2,3,1,3,2
31,26,3,1,1,3,3,1,3,1,3,1,3,2,3,2,1,1,1,1,1,3,3,3,1,3,2,1,1,3,1,3,1,1,2,3,3,1,1,3,1,1,3,3,3,3,2,1,1,2,2,2,1,2,3,3,3,3,2,2,1,1,3,2,3,3,3,1,1,3,1,1,3,2,2,3,1,3,1,2,3,2,2,2,2,3,3,3,3,1,3,3,3,3,3,2,3,1,2,2
31,27,3,1,1,3,3,3,2,1,3,3,1,2,2,2,1,1,3,1,1,3,3,3,1,3,2,1,2,3,3,1,1,3,2,3,2,1,1,3,1,1,3,3,3,3,3,2,3,1,2,1,1,1,2,2,3,3,3,2,1,1,3,2,3,3,3,1,2,2,2,2,3,3,1,2,2,3,1,1,2,2,2,1,2,3,3,2,3,2,1,3,3,3,3,1,3,1,3,3
32,24.4,3,2,1,3,3,1,2,1,3,3,1,2,3,3,1,1,2,1,2,3,3,3,3,3,2,3,1,3,2,2,1,2,2,3,2,1,2,3,1,1,3,3,3,3,2,1,2,1,2,1,1,2,3,2,3,2,1,3,1,1,3,1,3,3,3,1,1,1,3,2,3,1,1,2,1,3,1,1,3,3,2,1,1,3,3,1,2,2,1,3,3,3,3,2,3,2,2,3
32,30.2,2,1,1,2,3,3,3,1,3,3,1,3,3,3,2,2,3,1,1,2,1,3,1,3,2,2,1,3,3,3,1,1,2,2,3,2,1,3,2,1,3,3,3,2,1,1,2,1,2,2,1,2,3,1,3,3,3,2,1,1,2,2,3,3,3,1,1,1,1,3,3,2,3,3,1,3,1,2,2,1,2,3,2,3,3,3,3,1,1,2,3,3,3,2,3,1,1,3
32,25.1,3,1,1,2,3,3,1,2,1,3,1,3,2,2,2,1,2,1,1,3,1,3,1,3,2,3,1,3,2,3,1,1,2,2,2,1,1,3,2,2,3,3,3,3,3,1,2,3,1,3,1,2,3,3,3,3,1,2,1,1,3,2,3,3,3,1,1,2,1,2,3,2,3,3,1,3,1,1,2,2,3,1,1,2,3,3,3,1,1,3,2,3,3,3,3,1,2,3
32,24.3,3,1,1,3,3,3,2,1,3,2,3,3,3,3,2,1,3,1,1,3,3,3,1,2,2,1,2,3,1,2,1,3,2,3,3,2,2,3,1,1,3,3,3,3,2,3,2,1,1,1,1,2,3,2,3,2,2,2,2,2,3,2,2,3,3,1,1,2,2,3,3,3,3,3,1,3,1,2,2,2,3,1,3,3,3,3,2,1,1,3,2,3,3,2,3,2,1,2
32,25.6,3,1,1,3,3,3,2,1,3,3,2,2,3,3,2,1,3,1,1,3,3,2,1,3,3,3,2,3,2,3,1,3,3,2,3,1,1,3,1,1,3,3,3,3,3,1,2,1,2,1,2,2,3,2,3,2,2,2,3,1,2,3,3,3,3,1,2,3,2,3,3,3,2,3,1,3,1,1,3,3,3,2,2,3,3,1,3,1,1,3,2,2,3,3,3,2,2,2
32,17.9,3,1,1,3,3,2,3,1,3,3,2,3,3,1,2,3,3,1,1,3,2,2,1,3,3,3,3,2,3,2,1,1,3,1,3,1,2,3,1,1,3,2,3,3,2,1,2,3,1,1,1,1,3,3,3,3,1,2,1,1,3,3,3,3,3,1,1,2,3,2,2,2,1,3,1,2,1,1,3,2,3,1,2,3,3,1,3,1,1,3,3,3,3,3,3,2,1,3
32,21,3,2,1,3,3,2,3,1,1,3,1,2,3,2,1,1,2,1,2,3,3,2,2,3,2,3,2,3,3,2,3,2,2,1,2,3,1,3,1,1,3,2,3,3,3,1,2,1,2,1,1,3,3,2,2,3,3,3,2,1,2,3,3,3,3,1,1,3,1,2,2,2,3,3,1,3,1,1,1,3,3,1,2,2,3,3,3,2,1,3,3,2,3,3,3,2,2,3
32,19.5,3,1,1,3,2,3,2,1,2,2,2,2,3,3,1,1,3,1,1,3,2,3,1,3,3,3,2,3,2,3,1,2,1,3,3,3,1,3,1,1,3,2,3,3,3,1,3,3,2,1,1,2,3,3,2,3,2,2,2,2,3,2,2,3,3,1,1,3,1,2,3,2,3,2,1,2,1,1,3,3,2,2,2,3,3,2,2,1,1,3,3,3,3,1,3,1,2,3
32,24.8,2,1,1,3,3,2,2,1,3,3,1,2,3,3,2,3,2,1,1,3,2,3,1,3,3,3,2,3,3,3,1,1,2,3,2,1,1,3,1,1,3,3,3,3,3,2,3,1,2,2,1,2,3,1,3,3,3,3,1,2,3,2,3,3,3,1,1,1,2,3,2,2,3,3,1,3,1,2,3,2,3,2,2,3,3,2,3,1,1,2,3,3,3,2,3,2,2,3
32,28.6,3,1,1,3,3,3,1,2,2,3,2,3,3,2,3,1,1,1,1,3,3,2,1,3,2,1,3,3,2,3,1,2,1,2,2,2,1,3,1,1,3,3,3,3,3,1,2,2,2,1,1,2,2,2,3,3,3,2,2,1,1,2,3,3,3,1,1,1,3,2,3,3,3,2,1,3,2,2,2,3,3,2,1,1,3,1,2,1,1,3,2,3,3,3,3,1,3,2
33,25.5,3,1,1,2,3,1,3,1,3,1,3,3,3,2,1,1,2,1,1,3,3,3,1,3,2,3,1,3,1,1,1,2,2,3,2,1,2,3,1,1,3,2,3,3,3,1,2,1,1,1,1,2,1,3,2,3,3,3,1,1,1,2,2,3,3,1,2,3,1,2,3,2,2,3,1,2,1,2,3,2,3,2,2,3,3,3,2,1,1,3,3,2,3,3,3,2,2,3
33,30.4,3,1,1,2,3,3,1,1,3,2,2,2,2,3,1,1,3,1,1,3,3,2,1,3,2,2,2,2,2,3,2,3,2,3,2,1,1,3,1,1,3,3,3,3,3,1,3,3,2,2,1,2,3,1,3,3,3,2,1,1,3,2,3,3,2,1,3,2,1,1,3,3,2,2,1,3,1,1,2,3,3,1,2,3,3,1,3,1,2,3,3,3,3,2,3,2,2,3
34,26.7,3,1,1,3,3,2,1,1,3,2,3,2,3,2,2,1,1,1,1,3,1,3,1,3,2,3,1,3,2,3,1,3,3,2,2,1,1,3,1,1,3,2,3,3,3,1,2,2,1,1,1,1,2,2,3,2,2,1,3,1,3,1,3,3,3,1,1,2,2,2,3,2,3,3,1,3,1,1,2,3,3,1,1,3,3,1,3,1,1,3,3,3,3,2,2,1,1,3
34,18.8,3,2,1,3,3,2,2,1,2,3,1,2,3,1,1,2,2,1,1,3,2,3,1,3,2,2,1,3,2,3,1,2,2,3,3,1,1,3,2,1,3,3,3,3,2,1,2,2,2,1,1,2,3,3,3,3,3,1,1,1,1,2,3,3,3,1,2,1,3,2,2,1,3,2,1,2,1,1,3,3,3,3,2,3,3,2,3,2,1,3,3,2,3,1,2,2,1,3
34,24.4,3,2,1,3,3,3,1,2,2,1,3,3,3,3,1,1,1,1,1,3,3,2,1,3,2,2,2,3,3,2,1,2,1,2,2,1,2,3,1,1,3,3,3,3,2,2,2,2,1,1,1,2,3,1,2,3,3,3,1,1,3,1,3,3,3,1,1,1,1,3,3,2,1,2,1,3,1,2,3,3,3,1,2,3,3,2,3,2,1,3,3,3,3,2,3,2,3,2
34,27.3,3,1,1,3,3,3,1,1,3,3,2,2,3,3,2,2,1,1,2,3,3,3,1,3,1,1,1,3,1,2,1,1,3,3,3,1,1,3,1,1,3,3,3,1,3,2,2,1,1,1,1,2,3,1,2,2,2,2,1,1,3,1,3,3,3,1,1,2,1,2,2,3,1,3,1,3,1,1,3,2,3,1,1,3,3,2,3,1,1,3,3,3,3,2,3,1,2,2
34,23.4,3,2,1,3,3,3,2,1,2,3,2,2,3,3,1,1,2,1,1,3,3,3,1,3,3,3,2,3,1,3,2,2,3,3,2,1,2,3,1,1,3,3,3,3,2,1,2,3,2,1,1,1,3,3,3,3,2,2,2,1,2,1,3,3,3,1,2,2,1,2,3,3,1,2,1,3,1,2,2,3,2,1,1,3,3,3,3,2,1,3,3,3,3,2,2,1,2,3
34,26.4,3,1,1,3,3,2,2,1,3,3,1,3,3,3,1,3,2,1,1,2,3,3,1,3,3,1,2,2,2,3,1,2,3,3,3,2,1,3,1,1,3,2,3,3,3,2,1,2,2,1,1,3,2,3,3,2,2,2,1,1,1,2,3,3,3,1,2,1,1,2,3,2,2,2,1,2,1,2,2,3,2,1,2,3,3,1,2,1,1,3,3,3,3,2,3,2,2,1
35,26.7,2,1,1,3,3,1,3,1,3,2,3,1,3,3,1,2,3,1,1,3,2,3,1,3,1,3,1,3,2,3,2,2,2,3,3,2,1,3,2,2,2,3,3,3,2,1,1,3,2,1,1,2,3,3,3,2,2,2,1,1,3,3,3,3,3,1,2,3,2,1,2,2,3,3,1,3,1,1,2,2,3,1,1,3,3,2,3,1,1,3,2,2,3,1,3,3,2,3
35,27,3,1,1,3,3,3,2,2,1,3,1,2,2,2,2,3,2,1,1,3,3,3,1,3,2,3,1,3,1,3,1,1,2,3,3,2,2,3,1,1,3,2,3,3,1,2,2,1,1,2,1,2,3,3,3,3,2,2,1,1,2,2,2,3,3,1,1,3,2,1,3,3,2,2,1,3,1,2,3,3,3,2,2,3,3,1,3,2,2,3,3,2,3,1,3,3,3,3
36,20.1,3,2,1,3,3,2,3,2,2,3,2,3,3,3,1,1,3,1,1,3,1,3,1,3,3,2,2,3,2,3,1,1,3,3,3,2,1,3,1,1,3,3,3,3,3,1,1,3,1,1,1,2,3,3,3,3,3,1,1,1,3,1,3,3,3,1,1,3,2,2,3,3,2,2,1,3,1,2,1,2,2,1,2,3,3,1,2,1,1,3,2,3,3,3,3,2,2,3
38,24.8,2,1,1,3,3,3,2,2,2,3,1,1,3,3,1,2,2,1,1,3,2,3,1,3,2,3,2,3,1,3,1,3,3,3,3,1,1,3,1,1,3,3,3,3,2,1,1,1,2,1,1,1,3,2,3,2,1,3,2,1,3,2,3,3,3,1,2,2,1,2,3,3,2,2,1,3,1,1,1,1,3,1,1,3,3,3,3,1,1,3,1,3,3,2,3,2,2,2
38,23.1,3,2,1,3,3,3,1,1,2,3,1,3,3,3,2,2,2,1,1,3,1,3,1,3,2,2,1,3,3,3,1,2,1,3,3,1,2,3,1,1,3,3,3,3,3,1,2,1,2,1,1,2,2,3,3,3,2,2,2,1,3,2,3,3,3,1,1,2,2,3,3,3,2,2,2,3,2,2,2,2,2,2,3,2,3,2,2,1,3,3,2,3,3,2,3,2,2,2
38,25.2,3,2,1,3,3,2,1,1,3,3,1,2,3,3,1,2,1,1,1,2,3,3,1,3,1,3,2,3,2,2,1,1,2,2,2,2,1,3,1,1,3,3,3,3,3,1,2,2,2,2,1,1,2,3,3,2,2,2,1,1,3,3,3,3,3,1,2,2,3,1,3,1,2,3,1,3,1,1,1,2,3,1,2,2,3,1,3,1,2,3,3,2,3,2,3,2,2,3
38,28.3,3,1,1,3,3,1,3,2,2,2,2,3,3,3,1,2,2,1,1,3,3,3,1,3,3,1,1,3,1,3,1,1,3,3,3,2,1,3,1,1,3,3,3,3,3,2,2,3,2,1,1,2,3,2,3,3,3,2,1,1,3,3,3,3,3,1,2,2,3,3,3,1,2,2,1,3,1,2,2,2,2,1,1,3,3,1,3,2,1,3,2,2,3,2,3,2,3,3
38,22.3,2,2,1,3,3,2,3,1,2,3,1,2,3,2,1,2,3,1,1,3,3,3,1,3,2,1,1,3,1,2,1,2,3,3,2,1,1,3,1,1,3,2,3,3,2,1,1,3,2,2,1,2,3,2,3,3,3,3,1,1,3,2,3,3,3,1,2,3,1,3,3,2,2,3,1,3,1,2,2,3,3,1,2,2,3,2,3,1,1,3,2,2,3,3,2,1,2,3
38,20.6,3,2,1,3,3,1,3,1,3,2,3,2,3,2,3,2,3,1,1,3,2,3,1,3,2,2,1,3,2,2,1,2,3,2,3,2,1,3,1,1,3,3,3,3,3,1,3,3,2,1,1,1,3,3,3,3,3,2,2,1,3,2,2,3,3,1,1,2,2,3,3,2,2,3,1,3,1,1,3,3,3,1,1,3,3,1,3,1,1,3,2,3,3,2,3,2,2,3
38,19.8,3,2,1,1,3,3,2,1,2,2,3,3,3,2,1,2,1,1,1,3,2,3,1,3,3,3,3,3,1,2,2,1,3,2,3,1,1,3,2,2,3,3,3,3,3,1,1,2,1,1,1,3,3,3,3,3,3,3,1,1,3,1,3,3,3,1,1,2,1,2,3,3,2,2,1,2,1,1,3,3,2,2,3,3,3,3,3,1,1,3,3,3,3,3,3,2,2,2
38,25.1,3,2,1,3,3,2,3,1,2,3,2,3,3,3,2,1,3,1,1,2,3,3,1,3,3,3,2,3,2,1,1,2,3,3,3,1,2,3,1,1,3,3,3,3,3,1,1,2,2,1,2,3,3,1,3,3,3,3,2,2,3,2,3,3,3,1,1,3,2,3,3,1,3,3,1,2,3,1,1,1,3,1,1,3,3,2,2,1,1,3,3,3,3,2,3,2,3,3
38,25,3,1,1,3,3,2,2,1,3,3,2,3,3,2,2,1,2,1,1,3,3,3,1,3,1,3,2,3,3,2,2,2,3,2,1,1,1,3,1,1,3,3,3,3,3,2,1,1,1,1,1,1,3,1,3,3,1,3,2,1,3,2,3,3,1,1,1,2,1,3,3,2,3,2,1,2,1,1,3,3,2,1,3,3,3,1,3,1,1,3,3,3,3,1,3,1,2,3
38,17.9,3,1,1,3,2,2,2,1,2,3,2,3,2,2,2,1,3,1,2,2,2,3,1,3,3,2,2,3,2,1,1,2,1,2,2,1,1,3,1,1,3,2,3,3,3,1,3,1,2,2,1,3,2,1,3,2,2,3,3,1,3,1,3,3,3,1,2,2,2,1,3,3,3,3,1,2,1,1,2,3,3,2,1,3,3,2,3,1,1,3,3,2,3,1,3,3,3,2
38,17.9,3,2,1,3,3,1,2,1,3,3,2,2,3,2,2,3,2,1,1,2,2,3,1,3,3,2,1,3,2,2,1,1,1,3,2,3,2,3,1,1,3,2,3,3,1,2,3,2,1,2,1,1,2,3,3,3,2,3,1,2,3,2,2,3,3,1,2,3,3,2,3,3,1,2,1,3,1,1,2,2,3,1,2,3,3,2,3,1,1,3,2,2,3,3,3,3,2,3
39,21.8,3,1,1,3,3,3,2,1,3,3,2,1,3,3,1,1,2,1,1,3,2,3,1,3,2,3,2,3,3,3,1,1,3,3,3,1,1,3,2,2,3,3,3,3,3,1,2,2,1,1,1,2,3,3,3,3,3,3,1,1,3,2,2,3,3,1,1,1,1,2,3,1,3,3,2,3,2,1,2,1,3,1,1,3,3,2,3,1,1,3,2,3,3,2,3,3,1,3
39,29.3,3,1,1,3,3,3,2,1,3,3,1,3,3,2,1,1,3,1,2,3,3,3,1,3,2,2,2,3,3,1,1,3,2,3,3,1,3,3,1,1,3,2,3,3,3,2,2,2,1,1,1,3,2,1,3,3,2,2,3,1,3,1,3,3,3,1,2,3,1,2,3,2,3,3,1,3,1,1,2,2,3,1,1,3,3,2,3,1,1,3,2,3,3,3,3,2,2,3
40,27.4,3,1,1,3,3,2,2,1,3,3,1,2,3,2,1,1,2,1,1,3,2,3,1,3,3,2,3,3,2,3,1,2,3,3,3,1,1,2,1,1,3,3,3,3,2,1,1,2,2,1,1,3,3,2,3,2,2,1,2,1,2,2,3,3,3,1,3,3,3,3,2,2,3,3,1,3,1,1,2,3,3,1,2,3,3,1,2,1,2,3,2,3,3,3,3,3,3,3
40,26.5,3,1,1,3,3,3,2,1,3,3,2,3,3,2,1,2,2,1,1,3,2,2,1,3,2,2,2,3,1,2,1,1,3,3,3,2,1,2,1,1,3,3,3,3,3,2,2,1,1,1,1,1,2,3,3,2,2,3,1,1,3,1,3,3,3,1,1,2,1,2,3,3,3,2,1,3,1,1,3,3,3,1,2,3,3,1,3,1,1,3,3,2,3,2,2,3,2,3
40,25.1,2,1,1,3,3,3,3,1,3,3,2,3,3,2,1,1,1,1,2,3,2,3,1,3,3,2,1,3,2,3,1,2,3,2,1,1,2,3,1,1,3,2,3,3,3,1,1,1,2,1,1,1,2,2,2,3,3,2,1,1,3,2,3,3,3,1,1,1,1,1,3,2,1,3,1,3,1,1,1,3,2,2,1,3,3,3,2,1,1,3,3,3,3,2,3,1,2,3
42,20.5,3,1,1,3,3,1,2,2,2,2,3,2,2,1,1,2,2,1,1,3,2,3,2,3,3,2,1,3,2,3,1,1,2,3,2,1,2,3,1,1,3,3,3,3,3,2,3,1,2,1,1,2,2,3,3,2,2,3,1,1,3,2,2,3,3,1,1,2,3,2,3,2,3,3,2,2,1,1,3,2,3,1,1,2,3,1,2,2,1,3,3,2,3,3,3,2,3,3
43,28.5,3,1,1,3,3,2,2,1,3,3,2,3,3,3,2,1,2,1,1,3,3,3,1,3,3,2,2,3,3,2,1,1,2,3,3,1,1,3,1,1,3,3,3,2,2,1,3,3,2,1,1,3,3,1,3,3,3,3,1,2,3,1,3,3,3,1,1,2,1,3,3,2,3,3,1,3,1,2,3,1,2,2,1,3,3,2,2,1,1,3,3,2,3,2,2,1,2,3
43,22.5,3,1,1,3,3,3,2,1,1,3,2,1,3,3,1,1,3,1,2,3,3,3,1,3,3,3,1,3,2,1,1,2,2,3,3,2,1,3,2,2,3,2,3,3,2,1,1,2,1,1,1,2,2,1,2,2,1,3,1,1,3,2,2,3,3,1,2,1,1,3,3,2,2,3,2,3,1,1,2,2,3,2,2,3,3,3,2,1,1,3,2,3,3,3,3,2,2,2
43,25.9,3,3,1,3,3,2,3,1,2,3,1,2,3,3,1,2,1,1,1,3,1,3,1,3,2,2,1,3,1,3,1,1,2,3,2,1,1,3,1,1,3,2,3,3,3,2,2,2,1,1,1,2,3,3,3,1,1,2,1,1,2,2,3,3,3,1,1,3,2,2,2,1,2,3,1,3,1,1,3,2,2,1,2,3,3,2,2,1,1,3,3,3,3,3,3,2,3,3
43,14.7,3,1,1,3,3,3,2,1,3,3,3,3,3,1,1,2,3,1,1,3,3,2,1,3,2,3,1,3,2,3,1,1,2,3,3,1,1,3,1,1,3,2,3,3,3,1,3,2,2,1,1,3,3,2,2,3,3,3,1,2,3,1,2,3,3,1,1,1,1,1,2,1,2,2,1,2,1,1,2,1,3,1,1,3,3,3,3,1,3,3,2,2,3,2,3,3,3,1
43,19.9,3,1,1,3,3,3,2,1,2,3,2,2,3,3,2,2,3,1,2,3,2,3,1,3,3,3,2,3,3,2,1,1,2,3,3,2,2,3,1,1,3,2,3,3,1,1,1,1,1,1,1,2,3,3,3,3,2,2,1,1,3,2,3,3,3,1,2,2,1,2,3,2,3,3,2,2,1,1,2,3,2,1,2,3,3,3,3,2,1,3,3,2,3,2,3,2,3,2
43,16.9,2,2,1,3,3,2,1,1,3,2,2,3,3,2,2,1,3,1,1,2,3,2,1,3,2,2,2,3,2,3,1,2,2,3,3,1,1,3,1,1,3,3,3,3,2,2,3,2,1,1,1,3,3,2,3,3,3,2,1,1,2,2,3,3,3,1,1,1,2,1,3,2,3,2,1,3,1,1,1,3,3,1,2,3,3,2,1,1,1,3,2,2,3,2,3,3,3,3
43,24.9,3,1,1,3,3,2,2,1,3,3,3,2,3,3,2,2,2,1,1,3,2,3,3,2,2,2,2,3,2,3,1,1,3,3,2,2,1,3,1,1,3,3,3,3,3,2,2,1,2,1,1,2,2,3,3,2,2,3,1,1,3,1,3,3,3,1,1,3,2,1,3,3,2,3,1,3,1,1,3,3,1,2,3,3,3,2,3,1,1,3,3,3,3,2,3,1,3,2
44,30.1,2,1,1,3,3,2,1,1,2,3,1,3,3,2,1,1,3,1,1,3,1,3,1,3,3,3,1,3,3,2,1,3,2,3,2,1,1,3,1,1,3,3,3,2,3,2,1,3,2,1,1,1,3,2,3,3,3,2,3,1,3,2,3,3,3,1,1,2,2,1,3,3,2,3,1,2,1,1,3,3,2,3,2,3,3,2,2,1,1,3,2,3,3,3,3,1,1,3
46,22,2,2,1,2,3,3,2,1,3,2,3,2,3,2,1,2,2,1,1,3,2,3,1,3,2,3,1,3,3,1,1,1,2,3,3,1,1,3,1,1,3,3,3,3,3,2,3,3,1,1,1,2,3,3,2,3,1,2,1,1,3,1,3,3,3,1,2,2,3,2,3,3,3,2,1,3,1,1,2,3,2,1,2,2,3,2,3,1,1,3,3,3,3,3,3,1,3,3
46,23,3,1,1,3,3,2,2,2,2,2,2,2,3,2,1,2,3,1,2,3,2,3,1,3,3,2,2,3,2,3,1,1,3,3,2,1,1,3,1,1,3,2,3,3,2,1,1,1,1,1,1,2,3,3,3,2,2,2,1,1,3,2,2,3,3,1,1,2,1,2,2,2,2,2,1,2,1,1,2,3,3,2,1,3,3,3,3,1,1,2,3,2,3,2,3,2,3,3
47,26.7,2,1,1,3,3,1,3,1,2,3,2,3,3,3,1,1,1,1,1,3,3,3,1,3,2,2,2,3,3,3,1,2,3,3,3,3,1,3,1,1,3,3,3,3,3,2,3,2,1,1,1,2,2,3,2,2,2,2,1,2,2,2,2,3,3,1,1,2,3,1,3,3,2,3,1,3,1,2,2,3,3,1,2,3,3,1,2,1,1,3,3,3,3,3,3,3,3,2
47,24.6,3,1,1,3,3,2,2,1,3,3,2,2,3,3,1,2,2,1,1,3,2,3,1,3,3,2,2,3,2,3,1,2,3,2,3,1,2,3,1,1,3,3,3,3,3,2,2,3,2,1,1,1,3,3,3,1,1,3,1,1,3,1,3,3,3,1,1,2,1,2,2,1,2,3,1,2,2,1,2,3,3,1,3,3,3,2,3,1,1,3,2,2,3,2,3,1,3,3
47,28.9,3,1,1,3,3,2,2,1,3,2,3,2,3,3,1,1,3,1,1,3,3,3,1,3,3,3,1,3,3,3,1,1,3,2,2,1,1,3,1,1,3,2,3,3,3,3,2,3,2,1,1,3,3,2,3,2,2,3,1,1,1,2,3,3,3,1,2,2,2,1,3,3,2,2,1,3,1,1,2,3,2,1,2,2,3,2,3,1,3,3,3,3,3,2,2,2,2,3
47,22.3,3,2,1,3,3,3,2,2,1,3,2,2,3,2,2,2,3,1,1,3,2,3,1,3,2,2,2,3,1,2,1,3,1,2,3,1,1,3,1,1,3,3,3,3,3,1,2,1,2,1,1,2,2,2,2,1,1,2,2,1,2,2,3,3,3,1,2,2,2,1,3,2,2,3,1,3,1,2,3,3,2,1,3,2,3,2,2,1,2,3,2,2,3,1,3,2,2,3
47,24.7,3,2,1,3,3,3,2,1,2,3,2,2,3,3,1,1,2,1,1,3,2,3,1,3,2,3,1,3,1,3,1,2,3,2,3,1,2,3,1,1,3,3,3,3,2,1,2,1,2,1,1,2,3,1,2,3,3,2,1,2,3,3,2,3,3,1,2,2,2,2,3,3,3,3,1,2,2,1,2,2,2,1,1,3,3,2,3,2,2,3,2,3,3,2,3,2,3,3
48,16.4,3,2,1,3,3,2,2,1,3,2,2,1,3,2,2,1,3,1,1,3,3,3,1,3,3,3,3,3,2,3,1,1,2,2,2,1,1,3,1,1,3,2,3,3,2,3,2,3,2,1,1,2,3,1,3,1,2,3,1,2,3,3,3,3,3,1,2,1,2,3,3,2,1,3,2,3,1,1,3,2,3,1,1,3,3,1,2,1,1,3,3,3,3,2,3,2,2,3
49,25.3,3,1,1,2,3,3,1,1,3,3,1,3,3,2,1,3,1,1,1,3,3,3,1,3,2,2,2,3,2,2,1,2,2,3,2,2,1,3,1,1,3,3,3,3,2,1,2,3,2,1,1,1,2,1,3,3,3,2,1,1,3,3,3,3,3,1,1,2,2,2,3,3,2,3,1,3,2,2,3,3,3,3,2,3,3,2,2,1,1,3,3,3,3,1,3,2,2,3
49,17.8,3,1,1,3,3,3,3,1,3,2,2,2,3,2,1,1,3,1,1,2,3,3,1,3,3,1,1,3,2,1,1,2,2,3,1,1,1,3,1,1,3,1,3,3,2,3,3,1,2,1,1,1,3,2,2,3,2,3,1,1,3,2,2,3,3,1,1,2,1,2,3,2,2,2,1,3,1,1,2,3,3,2,1,3,3,2,2,1,1,3,3,3,3,3,2,3,3,2
51,28.3,3,1,1,3,3,2,2,1,3,3,2,3,3,2,1,3,2,2,1,2,2,3,1,3,1,2,2,3,3,2,2,2,3,3,2,1,1,3,1,1,3,2,3,3,2,1,1,2,1,1,1,3,3,1,2,3,2,2,2,1,2,3,3,3,3,1,1,3,2,3,3,3,1,1,1,3,1,1,3,2,3,1,2,3,3,2,3,1,2,3,3,3,3,3,3,2,3,1
51,23.5,3,2,1,2,3,2,1,1,2,3,2,3,3,2,2,1,2,1,1,3,3,3,1,2,2,2,1,3,3,2,2,1,2,3,3,2,2,3,1,1,3,3,3,3,2,3,3,3,1,2,1,3,3,3,3,2,2,2,1,1,3,2,3,3,3,1,1,2,1,3,3,2,2,3,1,3,1,1,3,3,2,1,3,2,3,3,3,2,2,3,3,3,3,3,3,1,2,3
51,28.7,3,2,1,2,3,3,2,2,2,3,2,3,2,2,1,2,2,1,1,3,3,3,1,3,3,2,1,3,1,2,1,2,3,3,1,1,1,3,1,1,3,3,3,3,2,2,2,2,1,1,1,1,3,1,2,1,1,3,2,1,3,2,2,3,3,1,1,3,2,1,3,3,2,2,1,3,1,2,2,3,3,1,1,2,3,2,3,1,1,3,3,3,3,3,3,2,3,3
52,21.8,3,2,1,3,3,3,3,1,3,3,3,3,3,2,1,3,3,1,1,3,2,3,1,3,3,3,1,3,3,2,1,2,3,3,3,1,1,3,1,1,3,2,3,3,3,2,3,3,1,1,1,2,3,2,3,3,3,2,1,1,3,2,3,3,3,1,1,1,1,3,2,3,2,2,1,3,2,2,2,3,3,2,3,3,3,3,3,1,2,3,3,2,3,3,3,2,3,1
52,21.5,3,2,1,3,3,3,2,2,2,1,3,3,3,2,2,1,2,1,1,3,3,3,1,3,2,3,3,3,2,3,1,2,2,3,3,1,1,3,1,1,3,2,3,3,2,2,3,3,2,1,1,3,3,3,3,2,2,3,2,1,3,1,3,3,3,1,1,1,1,2,2,3,2,2,1,3,1,1,3,1,2,1,3,3,3,2,3,2,1,3,2,2,3,2,3,3,1,3
52,14.1,3,1,1,3,3,3,1,1,2,1,3,2,3,2,1,1,3,1,1,3,3,3,1,3,3,2,1,2,3,2,1,1,2,2,1,1,1,3,1,1,3,2,3,3,2,2,2,3,1,1,1,2,3,3,3,3,3,2,1,2,3,1,3,3,3,1,2,2,1,1,3,3,2,1,1,3,1,1,2,1,3,1,1,3,3,3,3,1,1,3,3,3,3,3,3,3,1,2
53,25.1,3,1,1,2,3,3,2,1,3,2,2,3,3,2,1,2,2,1,1,3,3,3,1,3,3,2,1,2,2,2,2,2,2,2,2,1,1,3,1,1,3,3,3,3,1,2,2,2,2,2,1,3,2,3,3,3,2,2,1,1,3,2,3,3,3,1,2,1,1,3,3,1,2,3,1,3,2,3,2,2,3,1,2,3,3,3,3,1,1,2,3,3,3,2,3,2,2,3
53,21.2,3,3,1,3,3,3,1,1,2,3,1,3,3,2,1,1,2,1,3,2,3,3,1,3,2,2,1,3,3,2,1,2,1,2,3,2,2,3,1,1,3,3,3,3,2,2,3,1,2,2,1,2,3,3,3,2,3,3,1,1,2,2,3,3,3,1,2,1,2,1,2,3,2,3,1,3,1,2,3,2,2,1,2,3,3,2,2,1,1,3,3,3,3,2,3,1,2,2
53,20.6,2,2,1,3,3,2,3,1,3,2,3,3,3,3,1,2,2,1,1,3,2,3,1,2,2,1,2,3,1,2,1,1,3,3,3,2,1,3,1,1,3,2,3,3,2,1,2,1,1,2,1,1,3,3,3,2,1,3,1,1,3,1,3,3,3,1,1,1,2,2,3,3,3,3,1,3,1,1,2,3,3,2,1,3,3,2,3,2,3,3,3,3,3,2,3,2,2,3
53,21.8,3,3,1,2,3,2,2,1,3,3,1,2,3,2,2,1,2,1,1,3,3,3,1,3,3,3,2,3,3,2,1,1,2,3,3,2,2,3,1,1,3,3,3,3,2,2,1,3,2,1,1,3,3,2,2,3,3,3,1,1,2,2,2,3,3,1,1,2,3,2,2,2,2,2,1,2,2,2,2,2,3,2,2,3,3,2,2,1,1,2,3,2,3,3,3,2,2,2
53,25,3,2,1,3,3,2,2,1,3,2,3,3,3,3,1,1,2,1,1,3,2,3,1,3,2,3,1,3,3,3,1,3,3,2,3,1,2,3,1,1,3,3,3,3,2,2,1,1,3,1,1,3,3,2,2,3,2,2,2,1,3,1,1,3,3,1,2,3,1,1,3,2,3,3,2,2,1,1,1,3,2,1,3,3,3,3,3,1,1,3,3,2,3,2,3,1,3,3
53,24.7,3,2,1,3,3,3,2,1,3,2,2,2,2,3,1,1,2,1,1,3,3,3,1,3,2,1,2,3,2,3,2,3,3,3,3,2,2,3,1,1,3,3,3,3,2,2,3,1,2,1,1,2,3,2,2,2,2,3,1,1,3,2,3,3,3,1,1,3,1,2,3,2,1,3,1,3,1,1,2,3,2,1,2,3,3,3,3,1,2,3,3,3,3,3,3,1,2,3
54,17.7,3,2,1,3,3,3,2,1,3,3,3,1,3,3,1,1,2,1,1,3,3,3,1,3,3,2,1,3,3,3,2,2,3,3,3,1,1,3,1,1,3,3,3,3,3,2,1,2,1,1,1,2,3,3,3,1,1,3,2,1,3,2,2,3,3,1,1,1,1,3,2,3,2,3,1,2,2,1,3,2,2,2,2,3,3,1,3,1,1,3,2,1,3,3,3,2,1,3
54,19.8,3,2,1,3,3,2,2,1,2,1,2,3,3,1,1,1,2,1,1,3,2,3,1,3,2,3,2,3,2,2,2,1,2,2,2,3,1,3,1,1,3,2,3,3,2,2,2,1,2,1,1,1,3,3,3,3,2,2,1,1,1,1,3,3,3,1,1,2,3,3,3,3,3,2,1,3,1,1,3,3,2,2,3,2,3,1,2,1,1,3,3,3,3,3,3,2,2,3
54,18.1,3,1,1,3,3,1,2,1,3,3,1,2,3,2,1,1,3,1,1,3,2,3,1,3,3,2,3,3,3,3,1,1,2,3,3,1,1,3,1,1,3,3,3,3,3,1,2,3,2,1,1,2,3,2,3,3,1,3,1,1,3,3,2,3,3,1,1,3,1,3,2,2,2,2,1,3,1,2,2,3,3,1,1,1,3,3,3,1,1,3,3,3,3,2,2,1,3,2
54,17.2,3,2,1,3,3,2,3,1,3,3,1,3,2,2,2,1,2,1,2,3,2,3,1,3,3,2,2,3,1,3,2,1,3,2,3,1,2,3,1,1,3,3,3,3,3,1,2,1,2,1,1,2,3,2,3,2,2,2,1,1,3,2,1,3,3,1,2,3,3,3,3,2,2,2,1,3,1,3,2,3,2,1,2,3,3,2,3,1,1,3,1,2,3,3,3,2,3,3
57,20.3,3,2,1,3,3,2,3,1,3,3,2,2,3,1,1,2,2,1,2,3,1,3,1,2,2,2,1,3,1,2,1,1,3,3,3,1,1,3,1,1,3,2,3,3,3,2,2,1,2,1,1,3,3,3,2,3,3,1,1,1,3,2,3,3,3,1,2,2,2,2,3,1,1,2,1,3,1,1,3,3,3,1,2,3,3,2,3,1,1,3,2,2,3,2,3,1,2,3
57,20.5,3,1,1,3,3,3,2,1,3,3,1,2,3,3,2,2,3,1,1,3,1,2,1,3,2,3,3,3,2,2,1,2,2,2,3,1,1,3,1,1,3,3,3,3,3,2,2,1,1,1,1,2,2,2,3,1,1,2,2,1,3,2,1,3,3,1,2,3,2,2,2,1,1,3,1,3,1,1,2,2,3,1,1,3,3,3,3,1,1,3,2,3,3,3,3,2,2,3
57,25.4,3,1,1,3,3,2,3,1,2,2,3,3,3,3,2,1,2,1,1,3,2,3,2,3,1,2,1,3,3,3,1,1,2,3,2,1,2,3,1,1,3,3,3,3,2,2,2,2,1,1,1,1,3,1,3,1,1,2,1,1,2,2,3,3,3,1,2,2,2,2,3,1,2,1,2,3,1,2,2,2,2,1,2,3,3,2,2,1,1,3,2,3,3,3,3,1,3,2
57,19,3,1,1,3,3,3,3,1,2,1,3,2,3,2,1,3,3,1,2,3,3,3,2,3,1,3,3,1,2,2,1,1,3,3,2,2,1,3,1,1,3,3,3,3,2,1,2,2,2,1,1,3,3,2,2,2,2,3,1,1,3,2,2,3,3,1,2,2,3,1,3,1,3,3,1,3,1,1,3,3,2,1,1,3,3,1,1,2,1,3,3,3,3,3,3,2,2,1
57,26,3,2,1,3,3,3,2,1,3,3,2,2,3,3,1,1,2,1,1,3,2,3,1,2,1,3,1,3,2,2,1,1,3,2,3,3,1,3,1,1,3,2,3,3,3,1,1,1,2,1,1,1,3,2,2,2,2,2,1,1,3,3,3,3,3,1,1,3,2,2,3,2,3,3,1,3,1,1,3,2,3,2,2,2,3,2,3,2,1,3,3,3,3,2,2,2,2,3
59,28.5,3,2,1,3,3,3,1,1,3,3,2,3,3,2,1,1,1,1,1,3,2,3,1,3,3,1,2,3,3,2,1,3,3,3,3,1,1,3,1,1,3,3,3,3,1,1,2,2,2,1,1,3,3,1,3,3,3,2,2,1,2,2,3,3,3,1,2,1,2,3,2,3,1,2,1,3,2,1,3,3,2,2,2,3,3,2,3,1,1,3,3,1,3,2,3,2,3,3
60,24.4,3,1,1,3,3,3,3,1,2,3,1,3,3,2,1,2,2,1,2,3,3,3,1,3,1,2,1,3,1,2,1,3,3,3,3,1,1,3,1,1,3,3,2,3,3,1,2,1,1,1,1,2,3,2,3,3,3,3,1,1,3,2,2,3,3,1,2,2,3,2,3,3,1,2,1,3,1,1,3,3,3,1,2,3,3,1,3,1,2,3,2,3,3,3,3,2,2,3
60,22.4,2,1,1,3,3,2,2,1,2,2,3,3,3,2,1,1,2,1,2,3,2,3,1,3,1,2,1,3,2,2,1,1,1,3,3,2,1,3,1,1,3,3,3,3,2,2,2,1,1,1,1,1,3,2,3,3,3,3,1,1,3,1,2,3,3,1,2,2,3,2,3,1,2,2,1,3,1,2,2,3,3,1,1,1,3,2,3,1,1,3,3,3,3,2,3,2,3,2
60,17.9,3,2,1,3,3,3,3,1,2,3,1,3,2,3,1,1,2,1,1,3,2,3,1,3,2,2,3,3,1,2,1,2,3,3,1,1,1,3,1,1,3,2,3,3,3,1,1,2,2,1,1,1,3,2,2,3,3,2,1,1,2,2,3,3,3,1,1,2,2,3,2,2,2,2,1,2,1,1,3,3,2,1,2,2,3,2,2,1,1,3,3,3,3,2,3,2,2,3
60,15.2,3,1,1,3,3,3,2,1,3,3,2,3,3,2,1,1,2,1,1,3,2,3,1,3,3,3,1,3,3,3,1,2,2,3,2,2,2,3,1,1,3,3,3,3,3,2,2,2,2,1,1,3,3,2,3,2,3,2,2,2,3,3,3,3,3,1,1,2,3,1,3,3,3,3,1,3,2,2,2,3,3,1,2,3,3,2,2,1,1,3,3,3,3,3,3,2,3,3
60,21.5,3,1,1,3,3,2,2,1,3,1,3,3,3,2,1,3,2,1,1,3,2,3,1,3,3,2,2,3,3,2,1,2,3,2,3,2,1,3,1,1,3,2,3,3,3,1,2,1,1,1,1,2,3,3,3,2,2,3,2,1,2,3,3,3,3,1,1,2,2,3,3,3,1,2,1,3,1,1,3,3,2,1,2,3,2,2,2,1,2,3,2,3,3,2,3,2,1,3
61,26.3,3,2,1,3,3,2,2,2,2,3,1,2,3,2,2,2,3,1,1,2,3,3,1,2,1,2,2,3,2,3,2,2,3,3,3,1,1,3,1,1,3,3,3,3,3,1,1,2,2,2,1,3,2,2,3,1,1,3,2,1,3,3,3,3,3,1,2,1,1,3,3,1,2,2,1,3,1,1,2,2,3,2,1,2,3,3,3,2,1,3,3,2,3,1,3,1,3,3
61,20.7,3,1,1,3,3,3,1,1,3,2,3,2,3,3,1,1,2,1,1,3,2,3,1,3,3,2,2,3,2,2,1,1,3,2,3,1,1,3,1,1,3,3,3,3,2,2,2,2,1,1,2,2,3,2,3,2,2,3,1,1,3,2,2,3,3,1,1,1,1,2,2,2,3,2,1,3,1,2,3,2,3,1,3,3,3,3,3,1,1,3,3,3,3,3,3,1,2,2
61,20.4,2,1,1,3,3,2,3,2,2,3,2,3,3,3,2,1,3,1,1,3,3,3,1,3,3,3,3,3,1,1,1,2,2,3,2,1,1,3,1,1,3,3,3,3,3,1,1,3,2,1,1,2,3,1,3,3,3,3,1,1,3,1,3,3,3,1,2,2,2,3,2,2,2,3,1,1,1,1,2,2,3,1,3,3,3,2,3,1,2,3,3,2,3,2,3,2,3,2
61,18.7,3,1,1,3,3,2,1,1,2,3,1,3,3,3,2,2,3,1,1,3,2,3,1,3,3,1,1,3,1,2,1,2,3,3,3,3,1,3,1,1,3,3,3,3,2,2,2,1,2,1,1,3,3,2,2,2,2,2,1,1,3,2,3,3,3,1,2,3,2,2,3,3,1,3,1,3,1,1,2,2,3,1,3,3,3,2,2,2,1,3,2,3,2,1,3,2,2,3
62,27.5,3,3,1,3,3,3,2,1,1,3,2,2,2,2,1,1,2,1,1,3,3,3,1,3,3,3,1,3,2,3,1,1,3,3,3,1,3,3,2,1,3,3,3,3,3,1,1,2,2,1,1,1,2,3,2,3,2,2,1,1,3,1,3,3,3,1,2,2,1,2,3,2,3,3,1,2,1,1,2,3,3,1,2,3,3,3,2,2,1,3,1,3,3,3,3,1,2,3
62,26.2,3,3,1,3,3,1,1,1,2,3,1,3,2,3,1,1,3,1,1,3,3,3,1,2,2,2,2,3,3,2,1,3,2,3,3,3,1,3,2,2,3,3,3,3,3,1,2,3,3,1,1,3,3,1,3,3,3,2,3,1,3,1,2,3,3,1,1,2,3,3,3,1,3,3,2,3,1,1,3,2,3,1,1,3,3,1,2,2,1,3,2,3,3,3,3,3,2,3
62,24.6,3,1,1,3,3,3,2,1,3,2,3,3,3,3,1,1,2,1,1,3,1,3,1,3,3,3,1,3,1,1,1,3,2,3,3,1,1,3,1,1,3,3,3,3,3,2,1,3,1,1,1,2,3,2,3,2,2,3,1,1,2,2,3,3,3,1,2,1,2,2,3,2,2,3,1,3,1,1,3,3,3,3,3,3,3,2,3,1,1,3,3,1,3,2,3,3,3,3
62,26.1,3,1,2,3,3,2,2,1,3,3,1,2,3,3,1,1,3,1,1,3,3,3,1,3,2,3,1,3,2,1,2,2,2,3,3,2,3,3,1,1,3,3,3,3,3,1,2,1,2,2,1,3,2,1,3,3,3,3,2,1,3,2,3,3,3,1,1,2,2,3,3,3,1,2,1,2,1,2,2,3,2,1,2,2,3,2,2,1,1,3,2,2,3,2,3,2,3,3
62,19.6,3,1,1,3,3,3,1,1,3,3,2,2,3,2,1,2,3,1,1,3,2,3,1,3,3,3,2,3,2,2,1,2,3,3,2,1,1,3,1,1,3,3,3,3,3,2,2,1,1,1,1,1,3,3,3,3,1,1,1,1,3,2,3,3,3,1,3,3,3,2,2,2,3,3,1,2,1,1,3,2,3,1,2,3,3,2,2,1,1,3,3,3,3,1,3,2,2,2
62,22.8,3,2,1,3,3,3,2,1,2,2,2,3,3,3,1,1,3,1,1,3,2,3,1,3,3,3,2,3,2,3,2,1,2,3,1,3,1,3,1,1,3,3,3,3,3,1,2,1,2,1,1,3,3,1,2,3,1,1,1,1,2,2,2,3,3,1,1,1,2,1,2,2,1,1,1,3,1,1,2,2,2,1,1,3,3,3,3,1,1,3,2,2,3,3,3,2,3,3
65,19.2,3,1,1,3,3,2,2,1,2,3,2,2,3,3,1,2,3,1,1,3,1,3,1,3,2,1,1,3,2,2,1,3,1,2,2,3,1,2,1,1,3,3,3,3,3,1,3,3,2,2,1,3,3,1,3,3,2,2,1,1,3,2,3,3,3,1,1,2,3,3,3,3,2,3,1,3,1,2,2,1,2,1,1,3,3,2,2,1,1,3,3,2,3,2,3,2,1,3
65,28.3,3,2,1,3,3,2,3,1,3,3,1,2,3,3,1,1,2,1,1,3,2,3,1,2,1,3,1,3,1,3,1,1,3,3,3,1,1,3,1,1,3,2,3,3,2,1,3,1,2,1,1,3,1,2,3,1,2,3,1,1,3,3,3,3,3,1,1,1,3,2,3,1,2,1,1,2,1,1,3,2,3,1,1,3,3,1,2,1,1,3,3,3,3,2,3,2,3,3
65,27.6,3,2,1,3,3,3,2,1,2,1,3,3,3,3,1,2,3,1,1,3,2,3,1,3,3,2,1,3,2,2,1,2,3,3,3,1,1,3,1,1,3,3,3,3,3,1,2,2,1,2,1,3,3,2,3,3,1,3,2,1,3,2,3,3,3,1,1,1,3,2,2,2,2,2,1,3,1,2,2,2,3,1,2,3,3,1,2,1,1,3,2,2,3,3,3,3,2,3
65,28.7,3,1,1,3,3,3,3,1,3,3,1,3,3,3,1,1,2,1,1,3,2,2,2,3,1,2,1,3,3,3,1,3,2,3,3,1,1,3,1,1,3,3,3,3,3,1,2,1,1,1,1,3,3,3,2,2,2,2,2,2,3,2,2,3,3,1,1,3,1,2,3,3,1,3,1,3,1,1,2,2,3,1,2,3,3,2,3,1,1,3,3,3,3,3,3,2,2,3
65,22.1,3,1,1,3,3,2,2,1,1,2,1,3,3,3,1,2,3,1,1,3,3,3,1,3,3,2,2,3,2,2,1,1,3,3,2,1,2,3,1,1,3,3,3,3,3,2,3,2,1,1,1,1,2,2,3,2,2,2,1,1,3,3,3,3,3,1,2,2,2,3,2,2,3,2,1,3,1,1,2,2,3,1,2,3,3,2,2,1,1,3,2,3,3,1,3,2,2,3
65,14.7,3,1,1,3,3,3,1,1,2,2,2,1,3,2,1,2,2,1,2,3,2,3,1,3,3,2,3,3,3,3,1,1,3,3,3,1,1,3,1,1,3,3,3,3,2,2,1,1,1,1,1,3,3,2,3,2,1,3,1,1,3,2,2,3,3,1,1,1,3,3,2,1,2,3,1,3,1,1,2,2,2,1,1,3,3,1,1,1,1,3,3,2,3,2,3,2,2,3
65,27.3,3,3,1,3,3,3,2,1,3,3,2,3,2,2,1,1,3,1,1,3,2,3,1,3,3,2,1,3,2,2,1,1,3,3,3,2,1,3,1,1,3,3,3,3,2,2,2,2,2,1,1,1,2,2,3,3,3,3,1,1,3,1,3,3,3,1,1,2,1,1,3,2,2,2,1,3,1,2,2,3,1,2,3,3,3,3,3,1,1,3,3,3,3,2,3,1,2,3
65,28.5,3,1,1,3,3,3,3,1,3,3,3,3,3,2,1,1,3,1,1,3,3,3,1,3,3,2,2,2,3,2,1,1,3,3,3,1,1,3,1,1,3,3,3,3,2,1,3,1,2,2,1,1,3,3,3,2,2,1,1,1,3,2,2,3,3,1,2,1,3,2,2,3,3,3,1,2,1,1,2,3,2,2,3,3,3,1,3,1,2,3,3,3,3,3,2,1,3,3
66,23.7,3,1,1,3,3,2,2,1,3,3,2,2,2,2,1,1,2,1,1,3,3,3,1,3,2,3,1,3,3,2,1,2,2,3,3,1,1,3,2,2,3,3,3,3,3,2,2,3,2,1,1,3,3,2,3,3,1,2,2,1,3,2,2,3,3,1,1,3,1,1,3,2,2,3,2,3,1,1,3,2,2,2,2,2,3,3,3,1,1,3,3,3,3,2,3,2,2,3
66,26.5,3,2,1,2,3,2,2,1,2,3,3,2,3,2,1,1,2,1,1,3,3,3,1,3,3,2,2,3,3,2,1,1,3,2,3,2,1,3,1,1,3,2,3,3,3,1,1,2,2,1,1,2,3,3,3,2,1,3,1,1,3,2,3,3,3,1,1,2,1,2,3,3,3,2,1,3,1,1,1,3,2,1,2,3,3,3,2,2,1,3,3,3,3,2,3,3,3,3
66,19.3,2,2,1,2,3,2,3,1,3,3,1,3,2,3,1,2,2,1,1,2,3,3,1,3,3,3,1,2,2,3,1,3,2,3,3,3,1,3,1,1,3,3,3,2,3,2,2,2,1,1,1,3,3,1,1,2,2,2,2,2,3,2,2,3,3,1,1,2,2,2,3,1,3,3,1,2,2,1,3,3,3,1,1,3,3,2,2,1,2,3,2,1,3,1,3,1,3,2
66,25.7,3,1,1,3,3,3,2,1,3,3,1,3,3,2,1,3,2,1,1,3,2,3,1,3,3,3,3,3,2,3,1,2,2,3,3,1,1,2,1,1,3,2,3,3,1,1,3,3,2,1,1,1,3,2,3,2,2,3,1,1,3,2,2,3,2,1,1,3,2,3,3,3,2,3,2,2,1,1,2,2,2,1,3,3,3,2,2,1,1,3,2,3,3,3,3,2,2,3
67,31.4,3,1,1,3,3,3,3,2,2,3,2,1,2,2,1,1,3,1,1,3,2,3,1,3,2,2,1,3,3,3,1,2,3,3,3,2,1,3,1,1,3,2,3,3,3,1,1,3,1,1,1,2,3,1,3,2,2,2,2,2,3,2,3,3,3,1,1,1,2,3,2,2,3,3,2,3,1,1,3,3,3,1,2,3,3,2,2,1,1,3,3,3,3,3,3,2,2,3
67,17,3,1,1,3,3,3,3,1,3,3,1,3,2,2,1,1,3,1,1,3,1,2,1,3,3,2,2,3,2,3,1,1,3,3,3,1,2,3,2,1,3,2,3,3,3,2,3,3,2,2,1,2,2,3,3,3,3,1,1,1,3,1,3,3,3,1,2,3,1,2,2,3,3,2,1,3,1,1,3,3,3,1,2,3,3,2,2,1,2,3,3,2,3,2,3,2,2,3
68,31.9,3,1,1,3,3,3,1,1,3,3,2,2,3,2,2,2,3,1,1,2,3,3,1,3,3,2,1,3,2,2,1,2,3,3,1,1,1,3,2,2,3,3,3,3,2,2,3,2,1,1,1,1,2,2,3,3,2,3,1,1,3,2,2,3,3,1,2,2,1,2,3,3,3,3,1,3,1,2,3,3,3,1,1,3,3,3,2,2,1,3,3,3,3,3,3,2,1,3
68,23.8,3,1,1,3,3,2,2,1,3,2,2,3,3,1,1,1,2,1,1,2,3,3,1,3,2,2,1,3,1,2,1,3,3,3,3,1,2,3,1,1,3,3,3,3,2,3,3,1,3,1,1,3,3,1,3,3,1,2,1,1,3,3,3,3,3,1,1,2,3,2,3,3,2,3,1,2,1,1,2,3,3,1,3,3,3,1,3,2,1,3,2,3,3,2,3,2,3,2
69,21.8,3,1,1,3,3,3,3,2,2,1,3,3,3,2,1,1,3,1,1,3,2,3,1,2,2,3,2,2,2,1,2,1,3,3,2,1,1,3,1,1,3,3,3,3,1,2,1,3,2,1,1,2,2,3,3,2,2,1,1,1,3,3,3,3,3,1,1,2,1,1,3,3,2,2,1,2,1,1,3,2,3,1,2,3,3,3,3,1,1,3,3,3,3,1,3,3,2,3
69,24,3,2,1,3,3,2,2,1,2,2,3,3,3,2,1,1,2,1,2,3,2,3,1,3,2,3,1,3,2,3,1,1,3,3,3,1,2,3,1,1,3,3,3,3,3,2,3,1,1,1,1,2,3,3,3,3,3,2,1,1,3,2,3,3,3,1,1,2,1,3,3,2,3,2,2,3,1,1,3,2,2,2,2,3,3,2,2,1,1,3,2,3,3,3,3,3,3,2
69,23.7,3,1,1,3,3,2,3,1,3,3,1,3,3,2,2,2,1,1,1,2,2,3,1,3,2,2,2,3,3,2,1,2,3,1,3,1,1,3,1,1,3,3,3,3,3,1,2,2,2,2,1,2,3,3,3,3,2,2,2,2,2,2,3,3,3,1,1,2,3,2,3,3,3,3,1,3,1,1,2,3,2,1,1,3,3,1,2,1,1,3,3,3,3,3,3,2,3,3
71,23.1,3,1,1,3,3,2,1,1,3,2,2,3,3,2,1,1,2,1,1,3,2,3,1,3,2,2,1,3,2,2,2,2,2,3,3,2,2,3,1,1,3,2,3,3,3,1,3,2,2,1,1,2,3,2,3,3,3,3,1,1,3,2,2,3,3,1,1,2,1,1,3,2,3,3,1,3,1,1,3,3,2,1,2,3,3,2,3,2,1,3,3,2,3,2,3,2,2,3
71,13.2,3,1,1,3,3,3,2,1,3,3,1,2,2,3,1,1,1,1,1,3,3,3,1,3,3,1,1,3,3,2,1,1,3,3,2,1,1,3,1,1,3,3,3,3,2,3,2,1,2,2,1,1,3,3,3,2,2,2,1,1,3,3,2,3,3,1,1,2,3,2,3,3,3,3,1,3,1,1,2,2,2,1,1,3,3,2,3,1,1,3,3,3,3,2,3,3,2,2
71,26.9,3,2,1,3,3,2,1,1,3,2,2,3,3,2,1,1,2,1,1,3,3,3,1,3,3,3,1,3,1,3,1,3,2,3,3,2,1,3,1,1,3,2,3,2,3,3,2,2,1,1,1,2,3,1,3,3,2,3,1,2,3,3,2,2,3,1,3,2,1,3,2,2,1,2,1,2,1,1,3,2,3,2,2,3,3,3,3,1,1,3,3,3,3,3,3,1,3,3
72,22.9,3,1,1,3,3,2,3,1,3,3,2,3,3,1,1,3,2,1,1,3,3,3,1,3,3,3,1,3,1,2,2,2,3,3,3,2,2,3,1,1,3,3,3,2,3,1,2,2,2,1,1,2,3,3,1,3,3,3,2,1,3,3,3,3,3,1,1,2,2,3,3,2,2,2,1,3,1,1,2,1,3,1,1,1,3,2,3,1,1,3,3,3,3,2,3,3,2,3
72,26.1,3,1,1,3,3,3,1,1,3,3,2,3,3,2,3,1,2,1,1,3,2,3,1,3,3,2,1,3,1,3,1,1,2,1,3,1,2,3,1,1,3,3,3,3,2,3,1,3,2,1,1,1,3,2,3,3,3,2,1,1,3,1,3,3,3,1,2,2,3,2,3,3,3,3,1,2,1,1,2,3,2,2,2,3,3,1,3,1,1,3,3,3,3,3,3,2,3,2
72,21.1,3,1,1,3,3,2,3,1,3,3,2,3,3,2,1,2,2,1,2,3,3,3,1,3,3,3,2,3,1,3,1,3,3,2,3,1,1,3,1,1,3,3,3,3,3,1,2,3,1,2,1,1,2,2,2,3,2,3,3,1,3,2,3,3,3,1,1,2,3,3,3,2,3,3,2,3,2,1,3,3,3,2,1,2,3,1,2,1,1,3,3,3,3,2,3,2,1,3
72,23.5,3,1,1,3,3,3,3,1,2,3,3,3,3,2,2,1,2,1,1,3,2,3,1,3,2,2,3,3,3,3,1,2,2,3,3,2,2,3,1,1,3,3,3,3,2,1,2,2,2,1,1,1,3,3,3,3,2,1,1,1,3,1,1,3,3,1,1,2,2,3,3,2,1,3,2,3,1,1,2,2,2,1,2,3,3,2,2,1,1,3,2,3,3,3,2,1,3,3
73,27.3,2,2,1,3,3,3,2,1,1,1,3,3,3,3,1,1,2,1,1,3,2,3,1,3,3,2,2,3,3,3,1,3,3,2,3,1,2,3,1,1,3,2,3,3,2,1,2,1,2,1,1,1,2,2,3,2,1,3,1,2,3,1,3,3,3,1,2,1,2,2,3,2,3,2,1,3,1,1,2,1,3,1,3,2,3,2,2,1,1,3,2,3,3,3,3,2,3,3
73,19.5,3,1,1,3,3,3,2,2,2,2,3,1,3,3,1,3,3,1,2,3,3,3,1,3,3,3,1,3,3,3,1,3,3,2,2,1,2,3,1,1,3,3,3,3,3,1,2,2,1,1,1,2,3,3,3,2,2,2,3,1,3,2,3,3,3,1,1,2,2,1,3,2,3,3,1,2,1,1,1,3,3,1,2,1,3,2,2,1,1,3,2,3,3,3,3,3,3,3
74,18.4,3,1,1,3,3,3,3,2,2,2,2,2,3,2,1,1,3,1,2,3,2,3,1,3,2,3,1,3,2,2,1,3,1,3,3,1,1,2,1,1,3,3,3,3,2,1,3,2,2,1,1,3,3,3,3,2,2,3,2,1,3,1,3,3,3,1,2,2,3,3,3,2,2,3,1,3,2,1,3,2,3,1,2,3,3,1,3,1,1,2,3,2,3,3,3,3,3,3
74,23.9,3,1,1,3,3,3,2,1,3,3,1,3,3,1,1,1,2,1,1,3,2,3,1,3,2,3,2,3,2,3,1,3,3,3,2,1,1,3,2,2,2,2,3,3,3,2,2,3,2,2,1,2,3,1,3,2,2,3,2,2,3,1,3,3,3,1,1,3,1,2,1,2,2,3,1,3,1,1,2,3,2,2,2,3,3,3,3,1,1,3,2,2,3,2,3,2,2,3
75,24.3,3,1,1,3,3,3,2,1,3,2,3,2,3,2,1,2,2,1,1,3,1,3,1,3,3,3,2,3,2,3,1,1,1,3,3,1,1,3,1,1,3,3,3,3,3,1,2,2,2,1,1,3,3,3,3,1,1,1,1,1,3,2,3,3,3,1,2,1,2,1,3,2,2,1,1,2,1,1,3,3,3,1,1,2,3,2,2,1,1,3,2,3,3,3,3,2,2,2
75,20.9,3,1,1,3,3,3,1,1,2,2,3,2,3,3,3,1,2,1,1,3,3,3,1,3,2,2,1,3,1,3,1,2,1,3,2,1,1,3,1,1,3,2,3,3,2,1,2,2,1,1,1,2,3,1,2,3,3,3,1,1,3,3,3,3,3,1,1,3,3,2,3,1,2,1,1,2,1,2,2,3,3,1,2,3,3,1,3,1,1,3,3,3,3,2,3,2,2,3
75,27.9,3,1,1,3,3,2,3,1,3,1,3,2,2,3,1,3,2,1,1,2,3,3,1,3,3,2,1,3,2,3,1,3,2,3,3,1,1,3,1,1,3,3,3,3,2,2,1,3,1,1,2,3,3,2,3,2,2,2,3,1,3,2,3,3,3,1,2,2,2,2,3,2,1,2,1,2,1,1,2,1,2,1,1,3,3,1,3,2,1,3,3,2,3,2,3,1,3,3
76,26,3,1,1,3,3,3,2,1,3,3,2,3,3,2,2,1,1,1,1,3,1,3,1,3,3,3,2,3,1,2,1,1,2,3,3,2,1,3,1,1,3,3,3,3,2,2,2,1,2,2,1,3,3,2,3,2,1,3,1,1,3,3,3,3,3,1,2,3,2,2,3,1,3,3,1,3,1,1,2,3,3,1,2,3,3,2,3,1,1,3,2,3,3,2,3,2,2,2
76,24.7,3,2,1,3,3,3,2,1,3,3,2,3,3,2,1,2,1,1,1,3,3,3,1,3,3,3,2,3,2,2,1,1,1,2,2,2,1,3,1,1,3,3,3,2,3,1,2,1,2,1,1,1,2,1,3,3,3,2,1,1,2,1,3,3,3,1,1,2,1,2,2,2,3,3,1,3,1,2,2,1,2,1,2,2,3,3,3,1,1,3,3,2,3,2,3,1,3,1
77,24.3,3,2,1,1,3,1,2,1,2,3,2,2,3,2,1,3,3,1,1,3,2,3,1,3,2,2,1,3,2,3,1,3,3,2,3,2,1,3,1,1,3,2,3,3,3,1,2,1,1,1,1,3,3,2,3,3,2,3,3,1,2,3,1,3,3,1,2,3,1,2,3,2,3,3,1,3,1,2,2,3,3,1,2,3,3,2,3,1,2,3,3,3,3,2,3,2,1,3
77,23.6,3,1,1,3,3,3,2,1,3,3,1,2,2,2,1,2,2,1,1,3,2,3,1,3,3,3,3,3,2,3,1,2,2,2,1,2,2,3,1,1,3,3,3,3,2,1,2,2,1,1,1,1,3,2,3,3,3,3,1,1,3,3,2,3,3,1,1,2,1,3,2,2,1,2,2,2,1,1,1,3,3,1,2,3,3,3,2,1,1,3,3,3,3,2,3,3,2,2
77,19.9,3,1,1,3,2,2,2,1,3,2,2,2,3,1,1,1,1,1,2,3,3,1,1,3,2,3,2,3,3,1,1,2,3,3,1,1,1,3,1,1,3,2,2,3,3,2,2,1,2,1,1,1,3,2,3,3,2,3,1,1,3,2,3,3,3,1,1,1,2,2,3,3,3,3,1,3,1,1,3,2,2,1,2,3,3,2,2,1,1,3,3,3,3,2,2,2,2,3
77,22,3,3,1,3,3,2,3,1,2,3,1,3,3,3,1,3,2,1,1,3,3,3,1,3,2,3,1,3,3,2,2,1,3,2,2,2,1,3,1,1,3,3,3,3,3,2,2,2,2,1,1,2,3,1,2,2,2,2,2,1,2,2,3,3,3,1,3,1,3,2,3,2,2,2,1,2,1,1,2,3,3,1,3,3,3,1,3,1,1,3,2,3,3,2,3,1,3,3
77,29.1,3,1,1,3,3,3,2,1,2,3,1,2,2,2,1,1,2,1,1,1,3,2,1,1,1,3,1,3,3,3,2,3,1,2,2,1,1,3,1,1,3,3,2,3,3,2,2,1,2,1,1,3,3,2,3,1,1,3,3,1,3,2,3,3,3,1,1,2,1,2,3,3,2,3,1,3,1,1,3,3,2,1,2,3,3,2,3,1,1,3,3,3,3,2,3,2,3,3
78,21.9,3,1,1,3,3,2,2,1,1,1,2,3,3,3,1,1,3,1,1,3,3,3,1,3,2,3,2,3,3,3,2,1,1,2,2,2,1,3,1,1,3,3,3,3,3,1,3,2,1,2,1,2,3,3,3,3,2,2,1,1,3,1,3,3,3,1,2,2,2,2,3,3,3,3,1,3,1,1,3,3,2,1,2,3,3,2,3,1,2,3,3,3,3,2,3,3,3,3
78,22.2,3,1,2,3,3,3,3,1,3,2,2,3,3,2,2,1,3,1,1,3,3,3,1,3,3,3,2,3,1,2,1,2,2,3,3,2,2,3,2,1,3,3,3,3,2,1,2,1,2,1,1,1,3,3,3,1,1,1,2,1,3,2,2,3,3,1,1,3,2,2,2,3,2,2,1,3,2,1,2,3,3,1,3,3,3,1,3,1,1,3,3,3,3,1,3,2,2,3
78,16.6,3,1,1,3,3,2,2,1,2,3,2,3,3,3,1,1,3,1,1,3,2,3,1,3,3,2,3,3,1,3,1,1,3,3,3,1,1,3,1,1,3,3,3,3,2,1,2,2,2,2,1,1,3,2,3,2,2,2,1,1,3,2,3,3,3,1,2,3,2,3,3,2,3,2,1,2,1,1,2,1,3,1,1,3,3,1,3,1,2,3,2,2,3,2,3,3,3,2
78,21.1,3,1,1,3,3,2,3,1,2,3,2,3,3,3,1,1,2,1,1,2,1,3,2,3,3,3,3,3,1,3,1,2,2,2,2,1,1,3,1,1,3,3,3,3,3,1,1,3,2,1,2,1,3,1,3,1,1,3,1,1,3,2,3,3,3,1,2,2,2,2,3,1,2,3,1,3,2,1,3,2,3,2,1,2,3,2,3,1,1,3,3,3,3,3,3,2,2,3
78,28.2,3,1,1,3,3,3,1,1,3,2,3,2,3,2,2,1,3,1,1,3,3,2,1,3,2,3,1,3,2,2,1,2,3,3,3,3,2,3,1,1,3,2,3,3,2,2,2,1,1,1,1,2,3,2,2,2,2,2,2,1,3,1,2,3,3,1,1,2,1,2,3,3,3,3,2,2,1,2,3,2,3,1,3,3,3,3,3,1,1,3,3,3,3,2,3,2,1,3
79,26.7,3,2,1,3,3,3,3,1,3,2,3,3,3,3,2,1,2,1,1,3,3,3,1,3,3,2,1,2,2,2,1,2,3,1,2,1,1,3,1,1,3,3,3,3,2,2,2,2,2,1,1,3,2,2,2,3,2,2,1,1,3,1,3,3,3,1,2,1,1,2,3,3,2,3,1,3,1,1,2,3,2,2,2,3,3,3,2,1,1,2,3,2,3,1,3,2,3,3
